"id","conpress","polviews"
1,NA,"MODERATE"
2,"HARDLY ANY","LIBERAL"
3,"HARDLY ANY","CONSERVATIVE"
4,NA,"MODERATE"
5,"A GREAT DEAL","SLIGHTLY LIBERAL"
6,"HARDLY ANY","SLIGHTLY LIBERAL"
7,NA,"SLIGHTLY LIBERAL"
8,"HARDLY ANY","SLGHTLY CONSERVATIVE"
9,NA,"DK"
10,"HARDLY ANY","CONSERVATIVE"
11,"HARDLY ANY","DK"
12,NA,"SLGHTLY CONSERVATIVE"
13,"ONLY SOME","SLIGHTLY LIBERAL"
14,"A GREAT DEAL","LIBERAL"
15,"HARDLY ANY","MODERATE"
16,"HARDLY ANY","MODERATE"
17,"A GREAT DEAL","CONSERVATIVE"
18,"ONLY SOME","SLIGHTLY LIBERAL"
19,"HARDLY ANY","LIBERAL"
20,NA,"LIBERAL"
21,"HARDLY ANY","LIBERAL"
22,"HARDLY ANY","SLGHTLY CONSERVATIVE"
23,"HARDLY ANY","SLIGHTLY LIBERAL"
24,"HARDLY ANY","EXTRMLY CONSERVATIVE"
25,"ONLY SOME","LIBERAL"
26,"HARDLY ANY","DK"
27,NA,"LIBERAL"
28,"ONLY SOME","MODERATE"
29,"ONLY SOME","MODERATE"
30,"HARDLY ANY","CONSERVATIVE"
31,"ONLY SOME","LIBERAL"
32,"ONLY SOME","MODERATE"
33,NA,"SLGHTLY CONSERVATIVE"
34,"ONLY SOME","SLGHTLY CONSERVATIVE"
35,NA,"MODERATE"
36,"HARDLY ANY","CONSERVATIVE"
37,"ONLY SOME","CONSERVATIVE"
38,NA,"MODERATE"
39,"HARDLY ANY","CONSERVATIVE"
40,"ONLY SOME","MODERATE"
41,"HARDLY ANY","EXTRMLY CONSERVATIVE"
42,NA,"MODERATE"
43,"DK","MODERATE"
44,"ONLY SOME","LIBERAL"
45,"HARDLY ANY","MODERATE"
46,"A GREAT DEAL","EXTREMELY LIBERAL"
47,"ONLY SOME","LIBERAL"
48,NA,"EXTREMELY LIBERAL"
49,"ONLY SOME","SLIGHTLY LIBERAL"
50,"HARDLY ANY","EXTREMELY LIBERAL"
51,"ONLY SOME","LIBERAL"
52,NA,"EXTREMELY LIBERAL"
53,"ONLY SOME","SLGHTLY CONSERVATIVE"
54,"ONLY SOME","MODERATE"
55,NA,"CONSERVATIVE"
56,"ONLY SOME","EXTREMELY LIBERAL"
57,"ONLY SOME","MODERATE"
58,"ONLY SOME","SLIGHTLY LIBERAL"
59,"ONLY SOME","LIBERAL"
60,NA,"SLGHTLY CONSERVATIVE"
61,"A GREAT DEAL","MODERATE"
62,"ONLY SOME","CONSERVATIVE"
63,"ONLY SOME","MODERATE"
64,"HARDLY ANY","SLIGHTLY LIBERAL"
65,NA,"MODERATE"
66,"HARDLY ANY","EXTRMLY CONSERVATIVE"
67,"HARDLY ANY","SLIGHTLY LIBERAL"
68,NA,"EXTRMLY CONSERVATIVE"
69,NA,"SLGHTLY CONSERVATIVE"
70,NA,"MODERATE"
71,NA,"DK"
72,NA,"MODERATE"
73,"HARDLY ANY","MODERATE"
74,"ONLY SOME","SLGHTLY CONSERVATIVE"
75,NA,"SLIGHTLY LIBERAL"
76,"ONLY SOME","LIBERAL"
77,NA,"EXTREMELY LIBERAL"
78,NA,"EXTREMELY LIBERAL"
79,"ONLY SOME","EXTREMELY LIBERAL"
80,"HARDLY ANY",NA
81,NA,"SLIGHTLY LIBERAL"
82,"HARDLY ANY","SLGHTLY CONSERVATIVE"
83,NA,"SLGHTLY CONSERVATIVE"
84,"ONLY SOME","MODERATE"
85,"ONLY SOME","MODERATE"
86,NA,"MODERATE"
87,"HARDLY ANY","MODERATE"
88,NA,"MODERATE"
89,"ONLY SOME","DK"
90,"ONLY SOME","SLIGHTLY LIBERAL"
91,"A GREAT DEAL","MODERATE"
92,"ONLY SOME","EXTREMELY LIBERAL"
93,NA,NA
94,"HARDLY ANY","SLIGHTLY LIBERAL"
95,"HARDLY ANY","SLIGHTLY LIBERAL"
96,"ONLY SOME","EXTREMELY LIBERAL"
97,"ONLY SOME","EXTREMELY LIBERAL"
98,"A GREAT DEAL","MODERATE"
99,"ONLY SOME","SLIGHTLY LIBERAL"
100,"HARDLY ANY","SLIGHTLY LIBERAL"
101,"HARDLY ANY","MODERATE"
102,"ONLY SOME","MODERATE"
103,NA,"MODERATE"
104,"ONLY SOME","MODERATE"
105,"HARDLY ANY","EXTREMELY LIBERAL"
106,NA,"MODERATE"
107,"HARDLY ANY","MODERATE"
108,NA,"SLIGHTLY LIBERAL"
109,NA,"MODERATE"
110,"ONLY SOME","CONSERVATIVE"
111,NA,"SLIGHTLY LIBERAL"
112,"ONLY SOME","MODERATE"
113,NA,"MODERATE"
114,"HARDLY ANY","MODERATE"
115,"ONLY SOME","MODERATE"
116,"HARDLY ANY","LIBERAL"
117,"ONLY SOME","SLIGHTLY LIBERAL"
118,"A GREAT DEAL","EXTREMELY LIBERAL"
119,"ONLY SOME","MODERATE"
120,"ONLY SOME","MODERATE"
121,NA,"SLIGHTLY LIBERAL"
122,"HARDLY ANY","MODERATE"
123,"ONLY SOME","EXTRMLY CONSERVATIVE"
124,NA,"MODERATE"
125,"HARDLY ANY","SLGHTLY CONSERVATIVE"
126,"HARDLY ANY","MODERATE"
127,NA,"MODERATE"
128,"ONLY SOME","SLGHTLY CONSERVATIVE"
129,"ONLY SOME","LIBERAL"
130,NA,"SLGHTLY CONSERVATIVE"
131,"ONLY SOME","MODERATE"
132,NA,"CONSERVATIVE"
133,"HARDLY ANY","MODERATE"
134,NA,"MODERATE"
135,"HARDLY ANY","MODERATE"
136,NA,"SLIGHTLY LIBERAL"
137,"ONLY SOME","MODERATE"
138,"HARDLY ANY","CONSERVATIVE"
139,NA,"MODERATE"
140,"ONLY SOME","SLGHTLY CONSERVATIVE"
141,NA,"CONSERVATIVE"
142,"HARDLY ANY","EXTREMELY LIBERAL"
143,NA,"SLGHTLY CONSERVATIVE"
144,"ONLY SOME","MODERATE"
145,"HARDLY ANY","EXTRMLY CONSERVATIVE"
146,"A GREAT DEAL","LIBERAL"
147,"ONLY SOME","SLIGHTLY LIBERAL"
148,"ONLY SOME","MODERATE"
149,"ONLY SOME","SLGHTLY CONSERVATIVE"
150,NA,"LIBERAL"
151,"A GREAT DEAL","LIBERAL"
152,"HARDLY ANY","SLIGHTLY LIBERAL"
153,"ONLY SOME",NA
154,NA,"LIBERAL"
155,"ONLY SOME","MODERATE"
156,NA,"MODERATE"
157,"A GREAT DEAL","MODERATE"
158,NA,"MODERATE"
159,"HARDLY ANY","MODERATE"
160,NA,"LIBERAL"
161,"ONLY SOME","EXTRMLY CONSERVATIVE"
162,NA,"SLIGHTLY LIBERAL"
163,"HARDLY ANY","SLIGHTLY LIBERAL"
164,NA,"SLGHTLY CONSERVATIVE"
165,"ONLY SOME","CONSERVATIVE"
166,NA,"EXTRMLY CONSERVATIVE"
167,"ONLY SOME","LIBERAL"
168,"ONLY SOME","MODERATE"
169,"ONLY SOME","MODERATE"
170,"HARDLY ANY","SLGHTLY CONSERVATIVE"
171,"HARDLY ANY","MODERATE"
172,"HARDLY ANY","SLIGHTLY LIBERAL"
173,"HARDLY ANY","DK"
174,"ONLY SOME","MODERATE"
175,"HARDLY ANY","SLIGHTLY LIBERAL"
176,NA,"MODERATE"
177,NA,"EXTREMELY LIBERAL"
178,"ONLY SOME","MODERATE"
179,"ONLY SOME","SLGHTLY CONSERVATIVE"
180,NA,"MODERATE"
181,"HARDLY ANY","CONSERVATIVE"
182,NA,"LIBERAL"
183,"HARDLY ANY","EXTRMLY CONSERVATIVE"
184,"ONLY SOME","EXTRMLY CONSERVATIVE"
185,"HARDLY ANY","MODERATE"
186,"ONLY SOME","CONSERVATIVE"
187,"HARDLY ANY","SLIGHTLY LIBERAL"
188,NA,"EXTREMELY LIBERAL"
189,NA,"SLGHTLY CONSERVATIVE"
190,"HARDLY ANY","MODERATE"
191,"ONLY SOME","MODERATE"
192,"ONLY SOME","MODERATE"
193,"A GREAT DEAL","CONSERVATIVE"
194,NA,"MODERATE"
195,NA,"MODERATE"
196,"ONLY SOME","LIBERAL"
197,"ONLY SOME","CONSERVATIVE"
198,NA,"SLGHTLY CONSERVATIVE"
199,NA,"MODERATE"
200,NA,"MODERATE"
201,NA,"SLGHTLY CONSERVATIVE"
202,"ONLY SOME","MODERATE"
203,"A GREAT DEAL","MODERATE"
204,"ONLY SOME","SLIGHTLY LIBERAL"
205,"HARDLY ANY","SLIGHTLY LIBERAL"
206,"A GREAT DEAL","LIBERAL"
207,NA,"MODERATE"
208,"ONLY SOME","MODERATE"
209,"HARDLY ANY","MODERATE"
210,NA,"SLGHTLY CONSERVATIVE"
211,"HARDLY ANY",NA
212,NA,"SLGHTLY CONSERVATIVE"
213,NA,"MODERATE"
214,"HARDLY ANY","MODERATE"
215,"HARDLY ANY","SLGHTLY CONSERVATIVE"
216,"HARDLY ANY","MODERATE"
217,"HARDLY ANY","MODERATE"
218,NA,"MODERATE"
219,NA,"LIBERAL"
220,"ONLY SOME","LIBERAL"
221,NA,NA
222,"ONLY SOME","EXTRMLY CONSERVATIVE"
223,"HARDLY ANY","LIBERAL"
224,"ONLY SOME","SLGHTLY CONSERVATIVE"
225,"HARDLY ANY","EXTRMLY CONSERVATIVE"
226,NA,"MODERATE"
227,"A GREAT DEAL","SLIGHTLY LIBERAL"
228,"HARDLY ANY","MODERATE"
229,"ONLY SOME","MODERATE"
230,"HARDLY ANY","CONSERVATIVE"
231,NA,"CONSERVATIVE"
232,"ONLY SOME","MODERATE"
233,"HARDLY ANY","CONSERVATIVE"
234,"A GREAT DEAL","SLGHTLY CONSERVATIVE"
235,"HARDLY ANY","SLGHTLY CONSERVATIVE"
236,NA,"CONSERVATIVE"
237,"ONLY SOME","CONSERVATIVE"
238,"HARDLY ANY","CONSERVATIVE"
239,NA,"LIBERAL"
240,"HARDLY ANY","SLGHTLY CONSERVATIVE"
241,"HARDLY ANY","SLGHTLY CONSERVATIVE"
242,NA,"SLIGHTLY LIBERAL"
243,"HARDLY ANY","LIBERAL"
244,"HARDLY ANY","CONSERVATIVE"
245,NA,"MODERATE"
246,NA,"LIBERAL"
247,"HARDLY ANY","MODERATE"
248,"HARDLY ANY","MODERATE"
249,"HARDLY ANY",NA
250,"HARDLY ANY","CONSERVATIVE"
251,"HARDLY ANY","SLGHTLY CONSERVATIVE"
252,"HARDLY ANY","LIBERAL"
253,"HARDLY ANY","MODERATE"
254,"HARDLY ANY","SLGHTLY CONSERVATIVE"
255,"HARDLY ANY","MODERATE"
256,"ONLY SOME","SLIGHTLY LIBERAL"
257,NA,"MODERATE"
258,NA,"SLIGHTLY LIBERAL"
259,"HARDLY ANY","CONSERVATIVE"
260,NA,"MODERATE"
261,NA,"EXTREMELY LIBERAL"
262,"ONLY SOME","SLGHTLY CONSERVATIVE"
263,"A GREAT DEAL","MODERATE"
264,NA,"LIBERAL"
265,"ONLY SOME","SLGHTLY CONSERVATIVE"
266,"HARDLY ANY","MODERATE"
267,NA,"EXTREMELY LIBERAL"
268,"HARDLY ANY","DK"
269,"ONLY SOME","MODERATE"
270,"HARDLY ANY","EXTREMELY LIBERAL"
271,"HARDLY ANY","MODERATE"
272,"HARDLY ANY","MODERATE"
273,NA,"SLIGHTLY LIBERAL"
274,"ONLY SOME","SLGHTLY CONSERVATIVE"
275,NA,"MODERATE"
276,"HARDLY ANY","MODERATE"
277,"HARDLY ANY","EXTREMELY LIBERAL"
278,"HARDLY ANY","EXTRMLY CONSERVATIVE"
279,"ONLY SOME","SLIGHTLY LIBERAL"
280,"HARDLY ANY","MODERATE"
281,NA,"SLIGHTLY LIBERAL"
282,NA,"MODERATE"
283,"ONLY SOME","MODERATE"
284,NA,"MODERATE"
285,NA,"CONSERVATIVE"
286,"ONLY SOME","SLGHTLY CONSERVATIVE"
287,"A GREAT DEAL","EXTREMELY LIBERAL"
288,"HARDLY ANY","EXTREMELY LIBERAL"
289,NA,"CONSERVATIVE"
290,NA,"LIBERAL"
291,"ONLY SOME","LIBERAL"
292,"ONLY SOME","SLIGHTLY LIBERAL"
293,NA,"MODERATE"
294,NA,"MODERATE"
295,"ONLY SOME","SLGHTLY CONSERVATIVE"
296,"HARDLY ANY","CONSERVATIVE"
297,NA,"EXTREMELY LIBERAL"
298,"HARDLY ANY","SLIGHTLY LIBERAL"
299,NA,"LIBERAL"
300,"HARDLY ANY","MODERATE"
301,NA,"MODERATE"
302,"ONLY SOME","MODERATE"
303,"ONLY SOME","MODERATE"
304,NA,"EXTRMLY CONSERVATIVE"
305,NA,"MODERATE"
306,NA,"MODERATE"
307,"ONLY SOME","MODERATE"
308,"ONLY SOME","LIBERAL"
309,NA,"SLIGHTLY LIBERAL"
310,"DK","MODERATE"
311,"A GREAT DEAL","LIBERAL"
312,"ONLY SOME","MODERATE"
313,"HARDLY ANY","SLIGHTLY LIBERAL"
314,"ONLY SOME","MODERATE"
315,"ONLY SOME","LIBERAL"
316,"ONLY SOME","SLIGHTLY LIBERAL"
317,NA,"MODERATE"
318,"ONLY SOME","SLIGHTLY LIBERAL"
319,NA,"MODERATE"
320,NA,"LIBERAL"
321,"ONLY SOME","EXTREMELY LIBERAL"
322,"ONLY SOME","CONSERVATIVE"
323,NA,"MODERATE"
324,NA,"EXTRMLY CONSERVATIVE"
325,"ONLY SOME","SLGHTLY CONSERVATIVE"
326,NA,"MODERATE"
327,"ONLY SOME","SLGHTLY CONSERVATIVE"
328,NA,"MODERATE"
329,NA,"SLIGHTLY LIBERAL"
330,NA,"SLGHTLY CONSERVATIVE"
331,"ONLY SOME","SLGHTLY CONSERVATIVE"
332,"ONLY SOME","SLGHTLY CONSERVATIVE"
333,"ONLY SOME","SLGHTLY CONSERVATIVE"
334,NA,NA
335,"HARDLY ANY","MODERATE"
336,"HARDLY ANY","SLGHTLY CONSERVATIVE"
337,"HARDLY ANY","CONSERVATIVE"
338,"HARDLY ANY","MODERATE"
339,NA,"CONSERVATIVE"
340,"HARDLY ANY","MODERATE"
341,"ONLY SOME","MODERATE"
342,"HARDLY ANY","SLIGHTLY LIBERAL"
343,"HARDLY ANY","CONSERVATIVE"
344,"ONLY SOME","SLIGHTLY LIBERAL"
345,"ONLY SOME","SLGHTLY CONSERVATIVE"
346,"HARDLY ANY","MODERATE"
347,"ONLY SOME","LIBERAL"
348,NA,"MODERATE"
349,"ONLY SOME","MODERATE"
350,NA,"MODERATE"
351,"ONLY SOME","SLIGHTLY LIBERAL"
352,NA,"LIBERAL"
353,"HARDLY ANY","MODERATE"
354,NA,"EXTRMLY CONSERVATIVE"
355,"HARDLY ANY","LIBERAL"
356,"HARDLY ANY","MODERATE"
357,"ONLY SOME","SLGHTLY CONSERVATIVE"
358,"ONLY SOME","MODERATE"
359,"HARDLY ANY","MODERATE"
360,NA,"SLGHTLY CONSERVATIVE"
361,"HARDLY ANY","MODERATE"
362,"HARDLY ANY","MODERATE"
363,NA,"DK"
364,"ONLY SOME","MODERATE"
365,NA,"MODERATE"
366,"HARDLY ANY","CONSERVATIVE"
367,NA,"SLIGHTLY LIBERAL"
368,"HARDLY ANY","LIBERAL"
369,NA,"CONSERVATIVE"
370,"HARDLY ANY","SLGHTLY CONSERVATIVE"
371,"ONLY SOME","MODERATE"
372,"HARDLY ANY","CONSERVATIVE"
373,"HARDLY ANY",NA
374,NA,"LIBERAL"
375,"HARDLY ANY","DK"
376,"HARDLY ANY","MODERATE"
377,"ONLY SOME","MODERATE"
378,NA,"MODERATE"
379,"HARDLY ANY","MODERATE"
380,"HARDLY ANY","LIBERAL"
381,"ONLY SOME","MODERATE"
382,"HARDLY ANY","MODERATE"
383,NA,"SLIGHTLY LIBERAL"
384,"HARDLY ANY","SLIGHTLY LIBERAL"
385,"HARDLY ANY","SLGHTLY CONSERVATIVE"
386,NA,"SLIGHTLY LIBERAL"
387,"ONLY SOME","MODERATE"
388,"A GREAT DEAL","LIBERAL"
389,"ONLY SOME","EXTREMELY LIBERAL"
390,"HARDLY ANY","SLIGHTLY LIBERAL"
391,"A GREAT DEAL","LIBERAL"
392,"ONLY SOME","MODERATE"
393,"A GREAT DEAL","LIBERAL"
394,"ONLY SOME","EXTREMELY LIBERAL"
395,"ONLY SOME","LIBERAL"
396,NA,"LIBERAL"
397,"HARDLY ANY","SLIGHTLY LIBERAL"
398,NA,"LIBERAL"
399,"HARDLY ANY","LIBERAL"
400,NA,"MODERATE"
401,"ONLY SOME","LIBERAL"
402,"HARDLY ANY","CONSERVATIVE"
403,"HARDLY ANY","SLGHTLY CONSERVATIVE"
404,"HARDLY ANY","MODERATE"
405,NA,"SLGHTLY CONSERVATIVE"
406,"ONLY SOME","SLIGHTLY LIBERAL"
407,"HARDLY ANY","MODERATE"
408,"A GREAT DEAL","EXTREMELY LIBERAL"
409,NA,"SLIGHTLY LIBERAL"
410,NA,"SLIGHTLY LIBERAL"
411,"ONLY SOME","DK"
412,"HARDLY ANY","CONSERVATIVE"
413,"ONLY SOME","MODERATE"
414,NA,"CONSERVATIVE"
415,NA,"MODERATE"
416,"HARDLY ANY","CONSERVATIVE"
417,NA,"SLGHTLY CONSERVATIVE"
418,"ONLY SOME","CONSERVATIVE"
419,"HARDLY ANY","SLIGHTLY LIBERAL"
420,NA,"MODERATE"
421,"ONLY SOME","MODERATE"
422,NA,"LIBERAL"
423,"HARDLY ANY","MODERATE"
424,"HARDLY ANY","LIBERAL"
425,"A GREAT DEAL","SLIGHTLY LIBERAL"
426,"ONLY SOME","MODERATE"
427,NA,"LIBERAL"
428,NA,"SLIGHTLY LIBERAL"
429,"ONLY SOME","LIBERAL"
430,NA,"SLGHTLY CONSERVATIVE"
431,"HARDLY ANY","LIBERAL"
432,"ONLY SOME","CONSERVATIVE"
433,"HARDLY ANY","MODERATE"
434,"ONLY SOME","LIBERAL"
435,"HARDLY ANY","CONSERVATIVE"
436,"HARDLY ANY","SLGHTLY CONSERVATIVE"
437,NA,"MODERATE"
438,NA,"SLGHTLY CONSERVATIVE"
439,"ONLY SOME","EXTREMELY LIBERAL"
440,NA,"LIBERAL"
441,"HARDLY ANY","SLIGHTLY LIBERAL"
442,"ONLY SOME","SLIGHTLY LIBERAL"
443,"A GREAT DEAL","LIBERAL"
444,"ONLY SOME","SLGHTLY CONSERVATIVE"
445,NA,"SLGHTLY CONSERVATIVE"
446,"ONLY SOME","MODERATE"
447,NA,"MODERATE"
448,"HARDLY ANY","EXTREMELY LIBERAL"
449,NA,"SLIGHTLY LIBERAL"
450,"HARDLY ANY","MODERATE"
451,NA,"SLGHTLY CONSERVATIVE"
452,"ONLY SOME","MODERATE"
453,"ONLY SOME","MODERATE"
454,"ONLY SOME","EXTREMELY LIBERAL"
455,NA,"MODERATE"
456,"ONLY SOME","SLGHTLY CONSERVATIVE"
457,NA,"SLIGHTLY LIBERAL"
458,"ONLY SOME","MODERATE"
459,"ONLY SOME","MODERATE"
460,NA,"MODERATE"
461,"ONLY SOME","EXTREMELY LIBERAL"
462,"ONLY SOME","MODERATE"
463,"ONLY SOME","LIBERAL"
464,"ONLY SOME","LIBERAL"
465,"HARDLY ANY","SLGHTLY CONSERVATIVE"
466,"ONLY SOME","SLGHTLY CONSERVATIVE"
467,NA,"LIBERAL"
468,"ONLY SOME","LIBERAL"
469,"HARDLY ANY","MODERATE"
470,NA,"EXTREMELY LIBERAL"
471,"ONLY SOME","SLIGHTLY LIBERAL"
472,"ONLY SOME","LIBERAL"
473,"HARDLY ANY","SLGHTLY CONSERVATIVE"
474,NA,"LIBERAL"
475,"HARDLY ANY","LIBERAL"
476,"HARDLY ANY","MODERATE"
477,NA,"MODERATE"
478,"HARDLY ANY","LIBERAL"
479,NA,"EXTREMELY LIBERAL"
480,"ONLY SOME","LIBERAL"
481,NA,"MODERATE"
482,"ONLY SOME","LIBERAL"
483,"HARDLY ANY","SLGHTLY CONSERVATIVE"
484,NA,"MODERATE"
485,"HARDLY ANY","CONSERVATIVE"
486,"HARDLY ANY","MODERATE"
487,"HARDLY ANY","SLGHTLY CONSERVATIVE"
488,NA,"EXTREMELY LIBERAL"
489,"ONLY SOME","SLIGHTLY LIBERAL"
490,"HARDLY ANY","SLGHTLY CONSERVATIVE"
491,"HARDLY ANY","SLGHTLY CONSERVATIVE"
492,"HARDLY ANY","EXTRMLY CONSERVATIVE"
493,"A GREAT DEAL","EXTREMELY LIBERAL"
494,"A GREAT DEAL","LIBERAL"
495,"A GREAT DEAL","DK"
496,NA,"MODERATE"
497,NA,"CONSERVATIVE"
498,"ONLY SOME","MODERATE"
499,"HARDLY ANY","LIBERAL"
500,"ONLY SOME","EXTREMELY LIBERAL"
501,NA,"MODERATE"
502,"HARDLY ANY","LIBERAL"
503,"A GREAT DEAL","MODERATE"
504,"ONLY SOME","MODERATE"
505,NA,"CONSERVATIVE"
506,"ONLY SOME","MODERATE"
507,"ONLY SOME","SLIGHTLY LIBERAL"
508,"HARDLY ANY","LIBERAL"
509,NA,"MODERATE"
510,"ONLY SOME","LIBERAL"
511,"ONLY SOME","MODERATE"
512,NA,"MODERATE"
513,"ONLY SOME","SLGHTLY CONSERVATIVE"
514,NA,"LIBERAL"
515,"ONLY SOME","MODERATE"
516,"HARDLY ANY","MODERATE"
517,NA,"SLIGHTLY LIBERAL"
518,"HARDLY ANY","MODERATE"
519,NA,"MODERATE"
520,"A GREAT DEAL","MODERATE"
521,NA,"MODERATE"
522,NA,"MODERATE"
523,NA,"SLIGHTLY LIBERAL"
524,NA,"LIBERAL"
525,"ONLY SOME","LIBERAL"
526,"HARDLY ANY","LIBERAL"
527,NA,"LIBERAL"
528,"HARDLY ANY","LIBERAL"
529,NA,"MODERATE"
530,NA,"MODERATE"
531,"ONLY SOME","LIBERAL"
532,"HARDLY ANY","LIBERAL"
533,"HARDLY ANY","MODERATE"
534,"ONLY SOME","SLIGHTLY LIBERAL"
535,"HARDLY ANY","MODERATE"
536,NA,"MODERATE"
537,"HARDLY ANY","SLIGHTLY LIBERAL"
538,"ONLY SOME","CONSERVATIVE"
539,NA,"SLIGHTLY LIBERAL"
540,"A GREAT DEAL","MODERATE"
541,"HARDLY ANY","EXTREMELY LIBERAL"
542,"ONLY SOME","SLIGHTLY LIBERAL"
543,"ONLY SOME","MODERATE"
544,"ONLY SOME","EXTREMELY LIBERAL"
545,"HARDLY ANY","LIBERAL"
546,"ONLY SOME","SLIGHTLY LIBERAL"
547,"ONLY SOME","SLIGHTLY LIBERAL"
548,NA,"MODERATE"
549,"ONLY SOME","CONSERVATIVE"
550,"ONLY SOME","MODERATE"
551,"HARDLY ANY","MODERATE"
552,"A GREAT DEAL","MODERATE"
553,"ONLY SOME","SLIGHTLY LIBERAL"
554,"HARDLY ANY","MODERATE"
555,"ONLY SOME","SLIGHTLY LIBERAL"
556,NA,"CONSERVATIVE"
557,NA,"MODERATE"
558,NA,"MODERATE"
559,"HARDLY ANY","SLIGHTLY LIBERAL"
560,"ONLY SOME","DK"
561,"ONLY SOME","CONSERVATIVE"
562,"ONLY SOME","LIBERAL"
563,NA,"DK"
564,"HARDLY ANY","MODERATE"
565,"HARDLY ANY","SLIGHTLY LIBERAL"
566,NA,"SLGHTLY CONSERVATIVE"
567,"HARDLY ANY","EXTREMELY LIBERAL"
568,NA,"MODERATE"
569,"HARDLY ANY","CONSERVATIVE"
570,"HARDLY ANY","MODERATE"
571,"ONLY SOME","SLIGHTLY LIBERAL"
572,NA,"CONSERVATIVE"
573,NA,"SLIGHTLY LIBERAL"
574,"A GREAT DEAL","MODERATE"
575,"ONLY SOME","SLIGHTLY LIBERAL"
576,"HARDLY ANY","CONSERVATIVE"
577,"ONLY SOME","CONSERVATIVE"
578,"ONLY SOME","SLGHTLY CONSERVATIVE"
579,"HARDLY ANY","SLGHTLY CONSERVATIVE"
580,NA,"MODERATE"
581,"HARDLY ANY","MODERATE"
582,"ONLY SOME","SLIGHTLY LIBERAL"
583,NA,"EXTREMELY LIBERAL"
584,"ONLY SOME","MODERATE"
585,"ONLY SOME","LIBERAL"
586,"ONLY SOME","EXTREMELY LIBERAL"
587,"HARDLY ANY","LIBERAL"
588,"ONLY SOME","MODERATE"
589,NA,"MODERATE"
590,NA,"CONSERVATIVE"
591,NA,"CONSERVATIVE"
592,"HARDLY ANY","MODERATE"
593,NA,"CONSERVATIVE"
594,NA,"CONSERVATIVE"
595,"ONLY SOME","SLGHTLY CONSERVATIVE"
596,"HARDLY ANY","CONSERVATIVE"
597,"HARDLY ANY","MODERATE"
598,NA,"EXTRMLY CONSERVATIVE"
599,NA,"SLGHTLY CONSERVATIVE"
600,"HARDLY ANY","CONSERVATIVE"
601,"HARDLY ANY","CONSERVATIVE"
602,"HARDLY ANY","CONSERVATIVE"
603,NA,"CONSERVATIVE"
604,"ONLY SOME","MODERATE"
605,"HARDLY ANY","CONSERVATIVE"
606,"ONLY SOME","MODERATE"
607,NA,"MODERATE"
608,"A GREAT DEAL","EXTRMLY CONSERVATIVE"
609,NA,"CONSERVATIVE"
610,"ONLY SOME","MODERATE"
611,NA,"DK"
612,NA,"MODERATE"
613,"ONLY SOME","SLGHTLY CONSERVATIVE"
614,"HARDLY ANY","SLIGHTLY LIBERAL"
615,"HARDLY ANY","MODERATE"
616,NA,"EXTRMLY CONSERVATIVE"
617,"ONLY SOME","MODERATE"
618,NA,"CONSERVATIVE"
619,"HARDLY ANY","MODERATE"
620,"HARDLY ANY","MODERATE"
621,"HARDLY ANY","CONSERVATIVE"
622,"ONLY SOME","SLIGHTLY LIBERAL"
623,NA,"SLIGHTLY LIBERAL"
624,"ONLY SOME","SLIGHTLY LIBERAL"
625,"ONLY SOME","MODERATE"
626,"ONLY SOME","SLGHTLY CONSERVATIVE"
627,NA,"SLGHTLY CONSERVATIVE"
628,"HARDLY ANY","MODERATE"
629,NA,"EXTREMELY LIBERAL"
630,"HARDLY ANY","MODERATE"
631,"ONLY SOME","CONSERVATIVE"
632,"ONLY SOME","SLGHTLY CONSERVATIVE"
633,"ONLY SOME","SLGHTLY CONSERVATIVE"
634,NA,"CONSERVATIVE"
635,NA,"SLGHTLY CONSERVATIVE"
636,"HARDLY ANY","CONSERVATIVE"
637,"HARDLY ANY","MODERATE"
638,NA,"LIBERAL"
639,"HARDLY ANY","SLGHTLY CONSERVATIVE"
640,"HARDLY ANY","MODERATE"
641,"ONLY SOME","MODERATE"
642,"HARDLY ANY","SLIGHTLY LIBERAL"
643,NA,"MODERATE"
644,NA,"SLIGHTLY LIBERAL"
645,"HARDLY ANY","MODERATE"
646,"ONLY SOME","MODERATE"
647,"ONLY SOME","MODERATE"
648,NA,"CONSERVATIVE"
649,"HARDLY ANY","CONSERVATIVE"
650,"HARDLY ANY","LIBERAL"
651,"HARDLY ANY",NA
652,NA,"DK"
653,NA,"LIBERAL"
654,"A GREAT DEAL","SLGHTLY CONSERVATIVE"
655,"ONLY SOME","CONSERVATIVE"
656,NA,"MODERATE"
657,"HARDLY ANY","MODERATE"
658,"A GREAT DEAL","MODERATE"
659,"ONLY SOME","CONSERVATIVE"
660,NA,"CONSERVATIVE"
661,"ONLY SOME","MODERATE"
662,"ONLY SOME","LIBERAL"
663,"HARDLY ANY","MODERATE"
664,"ONLY SOME","LIBERAL"
665,NA,"CONSERVATIVE"
666,"HARDLY ANY","SLGHTLY CONSERVATIVE"
667,"HARDLY ANY","CONSERVATIVE"
668,NA,"EXTREMELY LIBERAL"
669,"HARDLY ANY","SLIGHTLY LIBERAL"
670,"ONLY SOME","SLIGHTLY LIBERAL"
671,NA,"MODERATE"
672,NA,"MODERATE"
673,"HARDLY ANY","SLIGHTLY LIBERAL"
674,"HARDLY ANY","MODERATE"
675,NA,"SLGHTLY CONSERVATIVE"
676,"ONLY SOME","MODERATE"
677,"A GREAT DEAL","SLIGHTLY LIBERAL"
678,NA,"MODERATE"
679,"HARDLY ANY","SLGHTLY CONSERVATIVE"
680,"HARDLY ANY","MODERATE"
681,"ONLY SOME","SLIGHTLY LIBERAL"
682,"ONLY SOME","CONSERVATIVE"
683,"ONLY SOME","SLGHTLY CONSERVATIVE"
684,NA,"LIBERAL"
685,NA,"MODERATE"
686,"HARDLY ANY","MODERATE"
687,"ONLY SOME","CONSERVATIVE"
688,NA,"CONSERVATIVE"
689,"ONLY SOME","DK"
690,"ONLY SOME","LIBERAL"
691,NA,"CONSERVATIVE"
692,"ONLY SOME","EXTREMELY LIBERAL"
693,NA,"MODERATE"
694,NA,"MODERATE"
695,"A GREAT DEAL","EXTREMELY LIBERAL"
696,"HARDLY ANY","LIBERAL"
697,"ONLY SOME","SLGHTLY CONSERVATIVE"
698,"HARDLY ANY","MODERATE"
699,NA,"DK"
700,"ONLY SOME","SLGHTLY CONSERVATIVE"
701,"ONLY SOME","MODERATE"
702,NA,"MODERATE"
703,NA,"MODERATE"
704,NA,"MODERATE"
705,"ONLY SOME","SLGHTLY CONSERVATIVE"
706,"HARDLY ANY","SLGHTLY CONSERVATIVE"
707,"ONLY SOME","SLGHTLY CONSERVATIVE"
708,"HARDLY ANY","MODERATE"
709,NA,"MODERATE"
710,"HARDLY ANY","DK"
711,"ONLY SOME","SLIGHTLY LIBERAL"
712,"ONLY SOME","LIBERAL"
713,NA,"LIBERAL"
714,"ONLY SOME",NA
715,"HARDLY ANY","LIBERAL"
716,NA,"EXTRMLY CONSERVATIVE"
717,"ONLY SOME","EXTREMELY LIBERAL"
718,"ONLY SOME","MODERATE"
719,NA,"MODERATE"
720,"HARDLY ANY",NA
721,NA,"LIBERAL"
722,"ONLY SOME","SLIGHTLY LIBERAL"
723,NA,"CONSERVATIVE"
724,"ONLY SOME","EXTREMELY LIBERAL"
725,NA,"CONSERVATIVE"
726,"ONLY SOME","EXTREMELY LIBERAL"
727,"HARDLY ANY","DK"
728,"A GREAT DEAL","MODERATE"
729,NA,"SLIGHTLY LIBERAL"
730,NA,"MODERATE"
731,"HARDLY ANY","MODERATE"
732,"HARDLY ANY","EXTREMELY LIBERAL"
733,"HARDLY ANY","EXTRMLY CONSERVATIVE"
734,"A GREAT DEAL","MODERATE"
735,"ONLY SOME","SLGHTLY CONSERVATIVE"
736,"HARDLY ANY","CONSERVATIVE"
737,"HARDLY ANY","SLIGHTLY LIBERAL"
738,"HARDLY ANY","MODERATE"
739,NA,"CONSERVATIVE"
740,"HARDLY ANY","CONSERVATIVE"
741,NA,"CONSERVATIVE"
742,NA,"SLGHTLY CONSERVATIVE"
743,"ONLY SOME","MODERATE"
744,"ONLY SOME","SLIGHTLY LIBERAL"
745,NA,"LIBERAL"
746,"ONLY SOME","EXTREMELY LIBERAL"
747,NA,"EXTREMELY LIBERAL"
748,"HARDLY ANY","MODERATE"
749,"HARDLY ANY","MODERATE"
750,"HARDLY ANY","LIBERAL"
751,"ONLY SOME","SLGHTLY CONSERVATIVE"
752,"ONLY SOME","MODERATE"
753,"ONLY SOME","CONSERVATIVE"
754,"ONLY SOME","LIBERAL"
755,"ONLY SOME","EXTRMLY CONSERVATIVE"
756,NA,"SLIGHTLY LIBERAL"
757,"HARDLY ANY","CONSERVATIVE"
758,NA,"EXTREMELY LIBERAL"
759,"ONLY SOME","SLGHTLY CONSERVATIVE"
760,NA,"LIBERAL"
761,"ONLY SOME","LIBERAL"
762,NA,"SLGHTLY CONSERVATIVE"
763,NA,"LIBERAL"
764,"A GREAT DEAL","SLIGHTLY LIBERAL"
765,"ONLY SOME","MODERATE"
766,"HARDLY ANY","MODERATE"
767,"ONLY SOME","LIBERAL"
768,"HARDLY ANY","SLGHTLY CONSERVATIVE"
769,"ONLY SOME","CONSERVATIVE"
770,NA,"SLIGHTLY LIBERAL"
771,"ONLY SOME","MODERATE"
772,"ONLY SOME","SLGHTLY CONSERVATIVE"
773,NA,"MODERATE"
774,NA,"MODERATE"
775,"ONLY SOME","MODERATE"
776,"ONLY SOME","SLIGHTLY LIBERAL"
777,"A GREAT DEAL","SLIGHTLY LIBERAL"
778,"HARDLY ANY","MODERATE"
779,NA,"CONSERVATIVE"
780,"HARDLY ANY","MODERATE"
781,"HARDLY ANY","SLIGHTLY LIBERAL"
782,"HARDLY ANY","SLGHTLY CONSERVATIVE"
783,"HARDLY ANY","MODERATE"
784,"A GREAT DEAL","MODERATE"
785,"ONLY SOME","LIBERAL"
786,NA,"DK"
787,"A GREAT DEAL","CONSERVATIVE"
788,NA,"MODERATE"
789,"ONLY SOME","MODERATE"
790,"ONLY SOME","MODERATE"
791,NA,"SLGHTLY CONSERVATIVE"
792,"HARDLY ANY","MODERATE"
793,"ONLY SOME","MODERATE"
794,"HARDLY ANY","SLIGHTLY LIBERAL"
795,NA,"DK"
796,"HARDLY ANY","SLGHTLY CONSERVATIVE"
797,"ONLY SOME","CONSERVATIVE"
798,"HARDLY ANY","MODERATE"
799,NA,"EXTREMELY LIBERAL"
800,NA,"MODERATE"
801,"HARDLY ANY","MODERATE"
802,NA,"LIBERAL"
803,"ONLY SOME","LIBERAL"
804,NA,"CONSERVATIVE"
805,NA,"SLGHTLY CONSERVATIVE"
806,NA,"SLGHTLY CONSERVATIVE"
807,NA,"SLGHTLY CONSERVATIVE"
808,"ONLY SOME","SLIGHTLY LIBERAL"
809,NA,"MODERATE"
810,"ONLY SOME","MODERATE"
811,"ONLY SOME","SLIGHTLY LIBERAL"
812,NA,"EXTREMELY LIBERAL"
813,"ONLY SOME","MODERATE"
814,"ONLY SOME","SLIGHTLY LIBERAL"
815,"A GREAT DEAL","CONSERVATIVE"
816,"ONLY SOME","MODERATE"
817,NA,"CONSERVATIVE"
818,NA,"LIBERAL"
819,"HARDLY ANY","MODERATE"
820,NA,"CONSERVATIVE"
821,"ONLY SOME","EXTREMELY LIBERAL"
822,NA,"SLIGHTLY LIBERAL"
823,"ONLY SOME","DK"
824,"ONLY SOME","MODERATE"
825,"ONLY SOME","SLIGHTLY LIBERAL"
826,"HARDLY ANY","MODERATE"
827,"ONLY SOME","CONSERVATIVE"
828,NA,"DK"
829,"ONLY SOME","DK"
830,NA,"MODERATE"
831,"ONLY SOME","LIBERAL"
832,"HARDLY ANY","SLGHTLY CONSERVATIVE"
833,NA,"LIBERAL"
834,"ONLY SOME","CONSERVATIVE"
835,"HARDLY ANY","CONSERVATIVE"
836,NA,"SLGHTLY CONSERVATIVE"
837,"ONLY SOME","MODERATE"
838,"ONLY SOME","LIBERAL"
839,"A GREAT DEAL","LIBERAL"
840,NA,"SLIGHTLY LIBERAL"
841,"ONLY SOME","MODERATE"
842,"ONLY SOME","MODERATE"
843,"A GREAT DEAL","SLIGHTLY LIBERAL"
844,"HARDLY ANY","EXTRMLY CONSERVATIVE"
845,NA,"MODERATE"
846,"HARDLY ANY","SLIGHTLY LIBERAL"
847,NA,"MODERATE"
848,"HARDLY ANY","MODERATE"
849,"HARDLY ANY","MODERATE"
850,NA,"MODERATE"
851,NA,"MODERATE"
852,"ONLY SOME","SLIGHTLY LIBERAL"
853,NA,"MODERATE"
854,"A GREAT DEAL","DK"
855,"ONLY SOME","SLIGHTLY LIBERAL"
856,"ONLY SOME","MODERATE"
857,NA,"MODERATE"
858,"A GREAT DEAL","LIBERAL"
859,NA,"MODERATE"
860,"HARDLY ANY","SLGHTLY CONSERVATIVE"
861,"ONLY SOME","SLIGHTLY LIBERAL"
862,NA,"MODERATE"
863,"ONLY SOME","SLGHTLY CONSERVATIVE"
864,"ONLY SOME","LIBERAL"
865,NA,"MODERATE"
866,"HARDLY ANY","MODERATE"
867,NA,"SLIGHTLY LIBERAL"
868,"ONLY SOME","MODERATE"
869,"ONLY SOME","CONSERVATIVE"
870,"ONLY SOME","MODERATE"
871,"ONLY SOME","MODERATE"
872,"A GREAT DEAL","MODERATE"
873,NA,NA
874,"HARDLY ANY","SLIGHTLY LIBERAL"
875,"HARDLY ANY","MODERATE"
876,"HARDLY ANY","SLGHTLY CONSERVATIVE"
877,"HARDLY ANY","SLGHTLY CONSERVATIVE"
878,"HARDLY ANY","MODERATE"
879,NA,"LIBERAL"
880,"ONLY SOME","MODERATE"
881,NA,"MODERATE"
882,"ONLY SOME","LIBERAL"
883,NA,"MODERATE"
884,"ONLY SOME","SLGHTLY CONSERVATIVE"
885,NA,"MODERATE"
886,"ONLY SOME","SLGHTLY CONSERVATIVE"
887,NA,"SLIGHTLY LIBERAL"
888,"HARDLY ANY","LIBERAL"
889,"HARDLY ANY","MODERATE"
890,NA,"SLGHTLY CONSERVATIVE"
891,"HARDLY ANY","SLGHTLY CONSERVATIVE"
892,"ONLY SOME","MODERATE"
893,NA,"SLIGHTLY LIBERAL"
894,"HARDLY ANY","MODERATE"
895,"HARDLY ANY","SLGHTLY CONSERVATIVE"
896,NA,"CONSERVATIVE"
897,"ONLY SOME","SLIGHTLY LIBERAL"
898,"ONLY SOME","CONSERVATIVE"
899,"ONLY SOME","LIBERAL"
900,"ONLY SOME","LIBERAL"
901,NA,"MODERATE"
902,"ONLY SOME","LIBERAL"
903,NA,"MODERATE"
904,"A GREAT DEAL","MODERATE"
905,"ONLY SOME","SLIGHTLY LIBERAL"
906,"HARDLY ANY","LIBERAL"
907,NA,"MODERATE"
908,"ONLY SOME","MODERATE"
909,"HARDLY ANY","MODERATE"
910,"HARDLY ANY","MODERATE"
911,"A GREAT DEAL","MODERATE"
912,"HARDLY ANY","CONSERVATIVE"
913,NA,"CONSERVATIVE"
914,"ONLY SOME","MODERATE"
915,"ONLY SOME","LIBERAL"
916,"ONLY SOME","MODERATE"
917,"ONLY SOME","SLGHTLY CONSERVATIVE"
918,"A GREAT DEAL","MODERATE"
919,"HARDLY ANY","SLIGHTLY LIBERAL"
920,NA,"SLGHTLY CONSERVATIVE"
921,"HARDLY ANY","MODERATE"
922,"ONLY SOME","SLIGHTLY LIBERAL"
923,NA,"SLGHTLY CONSERVATIVE"
924,"ONLY SOME","SLIGHTLY LIBERAL"
925,NA,"MODERATE"
926,NA,"CONSERVATIVE"
927,"HARDLY ANY","EXTREMELY LIBERAL"
928,"HARDLY ANY","CONSERVATIVE"
929,NA,"MODERATE"
930,"ONLY SOME","LIBERAL"
931,"ONLY SOME","MODERATE"
932,"ONLY SOME","LIBERAL"
933,"A GREAT DEAL","MODERATE"
934,NA,"MODERATE"
935,"ONLY SOME","LIBERAL"
936,NA,"MODERATE"
937,"HARDLY ANY","MODERATE"
938,NA,"MODERATE"
939,NA,"MODERATE"
940,NA,"SLGHTLY CONSERVATIVE"
941,NA,"DK"
942,"HARDLY ANY","MODERATE"
943,"HARDLY ANY","LIBERAL"
944,"HARDLY ANY","MODERATE"
945,"HARDLY ANY","SLGHTLY CONSERVATIVE"
946,NA,"EXTRMLY CONSERVATIVE"
947,"ONLY SOME","MODERATE"
948,"ONLY SOME","LIBERAL"
949,NA,"DK"
950,"ONLY SOME","LIBERAL"
951,"ONLY SOME","MODERATE"
952,NA,"DK"
953,"ONLY SOME","SLIGHTLY LIBERAL"
954,NA,"MODERATE"
955,"ONLY SOME","LIBERAL"
956,"A GREAT DEAL","LIBERAL"
957,NA,"LIBERAL"
958,"HARDLY ANY","DK"
959,"ONLY SOME","EXTRMLY CONSERVATIVE"
960,NA,"DK"
961,"DK","MODERATE"
962,NA,"MODERATE"
963,"ONLY SOME","LIBERAL"
964,NA,"MODERATE"
965,"ONLY SOME","SLIGHTLY LIBERAL"
966,"HARDLY ANY","MODERATE"
967,NA,"CONSERVATIVE"
968,"ONLY SOME","SLGHTLY CONSERVATIVE"
969,"A GREAT DEAL","MODERATE"
970,NA,"MODERATE"
971,"HARDLY ANY","LIBERAL"
972,"HARDLY ANY","CONSERVATIVE"
973,NA,NA
974,"ONLY SOME","MODERATE"
975,NA,"MODERATE"
976,"HARDLY ANY","SLIGHTLY LIBERAL"
977,"HARDLY ANY","MODERATE"
978,NA,"EXTRMLY CONSERVATIVE"
979,NA,"SLGHTLY CONSERVATIVE"
980,NA,"MODERATE"
981,"ONLY SOME","SLGHTLY CONSERVATIVE"
982,"HARDLY ANY","LIBERAL"
983,"HARDLY ANY","LIBERAL"
984,"ONLY SOME","MODERATE"
985,NA,"MODERATE"
986,"ONLY SOME","MODERATE"
987,"ONLY SOME","MODERATE"
988,"ONLY SOME","LIBERAL"
989,NA,"MODERATE"
990,"HARDLY ANY","MODERATE"
991,"ONLY SOME","MODERATE"
992,NA,"SLIGHTLY LIBERAL"
993,"HARDLY ANY","CONSERVATIVE"
994,NA,"MODERATE"
995,"HARDLY ANY","CONSERVATIVE"
996,"A GREAT DEAL",NA
997,NA,"MODERATE"
998,NA,"MODERATE"
999,"ONLY SOME","MODERATE"
1000,NA,"MODERATE"
1001,"HARDLY ANY","SLIGHTLY LIBERAL"
1002,NA,"CONSERVATIVE"
1003,"HARDLY ANY","SLGHTLY CONSERVATIVE"
1004,NA,"MODERATE"
1005,"ONLY SOME","CONSERVATIVE"
1006,NA,"LIBERAL"
1007,"ONLY SOME","SLGHTLY CONSERVATIVE"
1008,"ONLY SOME","LIBERAL"
1009,NA,"EXTREMELY LIBERAL"
1010,"HARDLY ANY","LIBERAL"
1011,NA,"MODERATE"
1012,"HARDLY ANY","LIBERAL"
1013,"HARDLY ANY","MODERATE"
1014,"ONLY SOME","SLGHTLY CONSERVATIVE"
1015,"ONLY SOME","CONSERVATIVE"
1016,"HARDLY ANY","SLGHTLY CONSERVATIVE"
1017,NA,"SLIGHTLY LIBERAL"
1018,"A GREAT DEAL","MODERATE"
1019,"ONLY SOME","MODERATE"
1020,"HARDLY ANY","EXTREMELY LIBERAL"
1021,"HARDLY ANY","SLGHTLY CONSERVATIVE"
1022,"HARDLY ANY","MODERATE"
1023,NA,"DK"
1024,"ONLY SOME","MODERATE"
1025,"HARDLY ANY","CONSERVATIVE"
1026,NA,"EXTREMELY LIBERAL"
1027,"ONLY SOME","LIBERAL"
1028,NA,"SLGHTLY CONSERVATIVE"
1029,"HARDLY ANY","EXTREMELY LIBERAL"
1030,"A GREAT DEAL","SLGHTLY CONSERVATIVE"
1031,"ONLY SOME","SLIGHTLY LIBERAL"
1032,"ONLY SOME","MODERATE"
1033,"HARDLY ANY","SLGHTLY CONSERVATIVE"
1034,NA,"MODERATE"
1035,"ONLY SOME","EXTREMELY LIBERAL"
1036,"HARDLY ANY","MODERATE"
1037,"HARDLY ANY","LIBERAL"
1038,"HARDLY ANY","LIBERAL"
1039,NA,"LIBERAL"
1040,NA,"LIBERAL"
1041,"HARDLY ANY","LIBERAL"
1042,NA,"EXTRMLY CONSERVATIVE"
1043,"HARDLY ANY","MODERATE"
1044,"A GREAT DEAL","MODERATE"
1045,NA,"CONSERVATIVE"
1046,"HARDLY ANY","CONSERVATIVE"
1047,NA,"SLIGHTLY LIBERAL"
1048,"ONLY SOME","MODERATE"
1049,NA,"MODERATE"
1050,"HARDLY ANY","SLIGHTLY LIBERAL"
1051,"ONLY SOME","MODERATE"
1052,NA,"EXTREMELY LIBERAL"
1053,"ONLY SOME","EXTREMELY LIBERAL"
1054,"ONLY SOME","LIBERAL"
1055,NA,"CONSERVATIVE"
1056,"ONLY SOME","MODERATE"
1057,"ONLY SOME","LIBERAL"
1058,NA,"MODERATE"
1059,"HARDLY ANY","CONSERVATIVE"
1060,NA,"MODERATE"
1061,"HARDLY ANY","LIBERAL"
1062,NA,"LIBERAL"
1063,"ONLY SOME","EXTREMELY LIBERAL"
1064,"HARDLY ANY","MODERATE"
1065,"ONLY SOME","MODERATE"
1066,NA,"MODERATE"
1067,"HARDLY ANY","LIBERAL"
1068,"A GREAT DEAL","MODERATE"
1069,NA,"MODERATE"
1070,"HARDLY ANY","LIBERAL"
1071,NA,"CONSERVATIVE"
1072,"HARDLY ANY","MODERATE"
1073,NA,"CONSERVATIVE"
1074,"HARDLY ANY","MODERATE"
1075,"HARDLY ANY","MODERATE"
1076,"A GREAT DEAL","EXTRMLY CONSERVATIVE"
1077,"ONLY SOME","SLGHTLY CONSERVATIVE"
1078,"HARDLY ANY","SLIGHTLY LIBERAL"
1079,NA,"MODERATE"
1080,NA,"MODERATE"
1081,"ONLY SOME","MODERATE"
1082,NA,"MODERATE"
1083,NA,"CONSERVATIVE"
1084,"ONLY SOME","SLIGHTLY LIBERAL"
1085,NA,"MODERATE"
1086,"ONLY SOME","CONSERVATIVE"
1087,"ONLY SOME","MODERATE"
1088,NA,"MODERATE"
1089,"HARDLY ANY","LIBERAL"
1090,NA,"LIBERAL"
1091,"HARDLY ANY","SLGHTLY CONSERVATIVE"
1092,NA,"SLIGHTLY LIBERAL"
1093,"HARDLY ANY","MODERATE"
1094,"HARDLY ANY","CONSERVATIVE"
1095,"HARDLY ANY","LIBERAL"
1096,"ONLY SOME","SLGHTLY CONSERVATIVE"
1097,"ONLY SOME","SLGHTLY CONSERVATIVE"
1098,"HARDLY ANY","MODERATE"
1099,NA,"LIBERAL"
1100,"HARDLY ANY","MODERATE"
1101,"ONLY SOME","CONSERVATIVE"
1102,NA,"SLGHTLY CONSERVATIVE"
1103,NA,"EXTRMLY CONSERVATIVE"
1104,"HARDLY ANY","CONSERVATIVE"
1105,"ONLY SOME","EXTREMELY LIBERAL"
1106,"HARDLY ANY","SLGHTLY CONSERVATIVE"
1107,NA,"DK"
1108,"HARDLY ANY","CONSERVATIVE"
1109,"ONLY SOME","MODERATE"
1110,"HARDLY ANY","MODERATE"
1111,NA,"SLGHTLY CONSERVATIVE"
1112,"ONLY SOME","MODERATE"
1113,"HARDLY ANY","CONSERVATIVE"
1114,"HARDLY ANY","MODERATE"
1115,"ONLY SOME","MODERATE"
1116,"ONLY SOME","LIBERAL"
1117,NA,"EXTREMELY LIBERAL"
1118,"HARDLY ANY","CONSERVATIVE"
1119,"HARDLY ANY","SLGHTLY CONSERVATIVE"
1120,"ONLY SOME","EXTRMLY CONSERVATIVE"
1121,NA,"MODERATE"
1122,NA,"SLIGHTLY LIBERAL"
1123,"A GREAT DEAL","EXTREMELY LIBERAL"
1124,"HARDLY ANY","SLIGHTLY LIBERAL"
1125,NA,"LIBERAL"
1126,"ONLY SOME","MODERATE"
1127,"HARDLY ANY","LIBERAL"
1128,"A GREAT DEAL","LIBERAL"
1129,"HARDLY ANY","DK"
1130,NA,"SLGHTLY CONSERVATIVE"
1131,"HARDLY ANY","SLGHTLY CONSERVATIVE"
1132,NA,"MODERATE"
1133,NA,"SLIGHTLY LIBERAL"
1134,"ONLY SOME","DK"
1135,"A GREAT DEAL","MODERATE"
1136,NA,"MODERATE"
1137,"HARDLY ANY","MODERATE"
1138,NA,"EXTRMLY CONSERVATIVE"
1139,"ONLY SOME","CONSERVATIVE"
1140,"HARDLY ANY","MODERATE"
1141,NA,"MODERATE"
1142,"HARDLY ANY","EXTRMLY CONSERVATIVE"
1143,"HARDLY ANY","MODERATE"
1144,NA,"MODERATE"
1145,"ONLY SOME","MODERATE"
1146,"HARDLY ANY","CONSERVATIVE"
1147,"ONLY SOME","LIBERAL"
1148,"ONLY SOME","MODERATE"
1149,"HARDLY ANY","CONSERVATIVE"
1150,NA,"SLIGHTLY LIBERAL"
1151,"HARDLY ANY","MODERATE"
1152,"HARDLY ANY","MODERATE"
1153,"HARDLY ANY","LIBERAL"
1154,"HARDLY ANY","MODERATE"
1155,"HARDLY ANY","MODERATE"
1156,"HARDLY ANY","MODERATE"
1157,NA,"MODERATE"
1158,"HARDLY ANY",NA
1159,NA,"CONSERVATIVE"
1160,"HARDLY ANY","MODERATE"
1161,"ONLY SOME","DK"
1162,NA,"EXTREMELY LIBERAL"
1163,"ONLY SOME","MODERATE"
1164,"HARDLY ANY","EXTRMLY CONSERVATIVE"
1165,NA,"EXTREMELY LIBERAL"
1166,"HARDLY ANY","MODERATE"
1167,"HARDLY ANY","MODERATE"
1168,"HARDLY ANY","CONSERVATIVE"
1169,"HARDLY ANY","SLGHTLY CONSERVATIVE"
1170,NA,"SLGHTLY CONSERVATIVE"
1171,"HARDLY ANY","EXTREMELY LIBERAL"
1172,"ONLY SOME","SLIGHTLY LIBERAL"
1173,NA,"MODERATE"
1174,"ONLY SOME","MODERATE"
1175,NA,"LIBERAL"
1176,"HARDLY ANY","EXTRMLY CONSERVATIVE"
1177,NA,"EXTREMELY LIBERAL"
1178,NA,"SLIGHTLY LIBERAL"
1179,"ONLY SOME","MODERATE"
1180,NA,"CONSERVATIVE"
1181,"HARDLY ANY","SLGHTLY CONSERVATIVE"
1182,"HARDLY ANY","SLIGHTLY LIBERAL"
1183,"HARDLY ANY","LIBERAL"
1184,"HARDLY ANY","MODERATE"
1185,"ONLY SOME","MODERATE"
1186,NA,"DK"
1187,"ONLY SOME","MODERATE"
1188,"ONLY SOME","SLGHTLY CONSERVATIVE"
1189,NA,"SLGHTLY CONSERVATIVE"
1190,"ONLY SOME","MODERATE"
1191,"ONLY SOME","CONSERVATIVE"
1192,"HARDLY ANY","SLGHTLY CONSERVATIVE"
1193,"HARDLY ANY","LIBERAL"
1194,NA,"SLGHTLY CONSERVATIVE"
1195,"HARDLY ANY","SLGHTLY CONSERVATIVE"
1196,"ONLY SOME","LIBERAL"
1197,NA,"MODERATE"
1198,"HARDLY ANY","CONSERVATIVE"
1199,NA,"SLIGHTLY LIBERAL"
1200,"HARDLY ANY","EXTRMLY CONSERVATIVE"
1201,"HARDLY ANY","SLGHTLY CONSERVATIVE"
1202,"HARDLY ANY","LIBERAL"
1203,"HARDLY ANY","MODERATE"
1204,"A GREAT DEAL","SLIGHTLY LIBERAL"
1205,"HARDLY ANY","SLGHTLY CONSERVATIVE"
1206,NA,"DK"
1207,"ONLY SOME","CONSERVATIVE"
1208,"HARDLY ANY","SLGHTLY CONSERVATIVE"
1209,NA,"MODERATE"
1210,NA,"SLGHTLY CONSERVATIVE"
1211,"HARDLY ANY","MODERATE"
1212,"A GREAT DEAL","SLIGHTLY LIBERAL"
1213,"HARDLY ANY","MODERATE"
1214,"HARDLY ANY","CONSERVATIVE"
1215,NA,"LIBERAL"
1216,"HARDLY ANY","MODERATE"
1217,NA,"CONSERVATIVE"
1218,"ONLY SOME","LIBERAL"
1219,NA,"SLGHTLY CONSERVATIVE"
1220,NA,"SLIGHTLY LIBERAL"
1221,"A GREAT DEAL","MODERATE"
1222,"ONLY SOME","SLGHTLY CONSERVATIVE"
1223,"HARDLY ANY","CONSERVATIVE"
1224,NA,"MODERATE"
1225,"HARDLY ANY","SLGHTLY CONSERVATIVE"
1226,"HARDLY ANY","SLGHTLY CONSERVATIVE"
1227,"HARDLY ANY","LIBERAL"
1228,"A GREAT DEAL","LIBERAL"
1229,"HARDLY ANY","DK"
1230,"HARDLY ANY","CONSERVATIVE"
1231,"HARDLY ANY","MODERATE"
1232,"ONLY SOME","DK"
1233,"HARDLY ANY","SLGHTLY CONSERVATIVE"
1234,"ONLY SOME","LIBERAL"
1235,NA,"SLGHTLY CONSERVATIVE"
1236,"HARDLY ANY","MODERATE"
1237,"HARDLY ANY","SLGHTLY CONSERVATIVE"
1238,"HARDLY ANY","SLGHTLY CONSERVATIVE"
1239,NA,"CONSERVATIVE"
1240,NA,"CONSERVATIVE"
1241,"ONLY SOME","MODERATE"
1242,"HARDLY ANY","MODERATE"
1243,"HARDLY ANY","MODERATE"
1244,NA,"LIBERAL"
1245,"HARDLY ANY","MODERATE"
1246,"ONLY SOME","MODERATE"
1247,"HARDLY ANY","MODERATE"
1248,"ONLY SOME","CONSERVATIVE"
1249,"HARDLY ANY","LIBERAL"
1250,"ONLY SOME","EXTREMELY LIBERAL"
1251,"ONLY SOME","SLIGHTLY LIBERAL"
1252,NA,"SLGHTLY CONSERVATIVE"
1253,"ONLY SOME","EXTRMLY CONSERVATIVE"
1254,"ONLY SOME","SLIGHTLY LIBERAL"
1255,NA,"SLGHTLY CONSERVATIVE"
1256,"HARDLY ANY","CONSERVATIVE"
1257,NA,"SLGHTLY CONSERVATIVE"
1258,"ONLY SOME","MODERATE"
1259,NA,"CONSERVATIVE"
1260,"HARDLY ANY","EXTRMLY CONSERVATIVE"
1261,NA,"MODERATE"
1262,"ONLY SOME","EXTRMLY CONSERVATIVE"
1263,"HARDLY ANY","MODERATE"
1264,"HARDLY ANY","MODERATE"
1265,NA,"MODERATE"
1266,"ONLY SOME","CONSERVATIVE"
1267,"HARDLY ANY","MODERATE"
1268,"ONLY SOME","EXTREMELY LIBERAL"
1269,"ONLY SOME","MODERATE"
1270,"ONLY SOME","LIBERAL"
1271,NA,"SLIGHTLY LIBERAL"
1272,"HARDLY ANY","LIBERAL"
1273,"ONLY SOME","LIBERAL"
1274,"ONLY SOME","MODERATE"
1275,NA,"SLIGHTLY LIBERAL"
1276,"HARDLY ANY","MODERATE"
1277,NA,"CONSERVATIVE"
1278,"ONLY SOME","CONSERVATIVE"
1279,"HARDLY ANY","SLGHTLY CONSERVATIVE"
1280,NA,"MODERATE"
1281,"HARDLY ANY","MODERATE"
1282,"HARDLY ANY","MODERATE"
1283,NA,"SLGHTLY CONSERVATIVE"
1284,"HARDLY ANY","MODERATE"
1285,"A GREAT DEAL","SLIGHTLY LIBERAL"
1286,"HARDLY ANY","EXTRMLY CONSERVATIVE"
1287,"HARDLY ANY","CONSERVATIVE"
1288,"ONLY SOME","CONSERVATIVE"
1289,"A GREAT DEAL","MODERATE"
1290,NA,"SLIGHTLY LIBERAL"
1291,"ONLY SOME","CONSERVATIVE"
1292,NA,"MODERATE"
1293,"HARDLY ANY","MODERATE"
1294,NA,"MODERATE"
1295,"ONLY SOME","EXTREMELY LIBERAL"
1296,"HARDLY ANY","LIBERAL"
1297,NA,"MODERATE"
1298,"ONLY SOME","SLGHTLY CONSERVATIVE"
1299,"ONLY SOME","CONSERVATIVE"
1300,NA,"CONSERVATIVE"
1301,"HARDLY ANY","MODERATE"
1302,"ONLY SOME","SLGHTLY CONSERVATIVE"
1303,"HARDLY ANY","MODERATE"
1304,"ONLY SOME","EXTRMLY CONSERVATIVE"
1305,"ONLY SOME","LIBERAL"
1306,"A GREAT DEAL","MODERATE"
1307,NA,"LIBERAL"
1308,"ONLY SOME","SLIGHTLY LIBERAL"
1309,"HARDLY ANY","MODERATE"
1310,NA,"SLGHTLY CONSERVATIVE"
1311,"HARDLY ANY","CONSERVATIVE"
1312,"HARDLY ANY","MODERATE"
1313,"ONLY SOME","MODERATE"
1314,NA,"MODERATE"
1315,"A GREAT DEAL","MODERATE"
1316,"HARDLY ANY","MODERATE"
1317,"HARDLY ANY","CONSERVATIVE"
1318,"HARDLY ANY","CONSERVATIVE"
1319,NA,"SLIGHTLY LIBERAL"
1320,"HARDLY ANY","EXTRMLY CONSERVATIVE"
1321,"ONLY SOME","CONSERVATIVE"
1322,NA,"CONSERVATIVE"
1323,"ONLY SOME","CONSERVATIVE"
1324,NA,"MODERATE"
1325,"HARDLY ANY","CONSERVATIVE"
1326,NA,"MODERATE"
1327,"ONLY SOME","EXTRMLY CONSERVATIVE"
1328,"HARDLY ANY","CONSERVATIVE"
1329,NA,"SLIGHTLY LIBERAL"
1330,"HARDLY ANY","MODERATE"
1331,"HARDLY ANY","CONSERVATIVE"
1332,"HARDLY ANY","SLIGHTLY LIBERAL"
1333,"HARDLY ANY","LIBERAL"
1334,"HARDLY ANY","LIBERAL"
1335,"HARDLY ANY","MODERATE"
1336,NA,"MODERATE"
1337,"HARDLY ANY","LIBERAL"
1338,"ONLY SOME","SLIGHTLY LIBERAL"
1339,NA,"MODERATE"
1340,"HARDLY ANY","MODERATE"
1341,NA,"LIBERAL"
1342,"ONLY SOME","MODERATE"
1343,"ONLY SOME","LIBERAL"
1344,NA,"MODERATE"
1345,"ONLY SOME","MODERATE"
1346,NA,"SLIGHTLY LIBERAL"
1347,NA,NA
1348,"HARDLY ANY","SLGHTLY CONSERVATIVE"
1349,"ONLY SOME","SLGHTLY CONSERVATIVE"
1350,"HARDLY ANY","SLGHTLY CONSERVATIVE"
1351,"HARDLY ANY","SLGHTLY CONSERVATIVE"
1352,"HARDLY ANY","MODERATE"
1353,"HARDLY ANY","SLGHTLY CONSERVATIVE"
1354,"HARDLY ANY","CONSERVATIVE"
1355,"A GREAT DEAL","LIBERAL"
1356,NA,"CONSERVATIVE"
1357,NA,"MODERATE"
1358,"HARDLY ANY","EXTRMLY CONSERVATIVE"
1359,"HARDLY ANY",NA
1360,NA,"MODERATE"
1361,"DK","DK"
1362,NA,"CONSERVATIVE"
1363,"A GREAT DEAL","LIBERAL"
1364,NA,"MODERATE"
1365,"ONLY SOME","CONSERVATIVE"
1366,"ONLY SOME","MODERATE"
1367,NA,"DK"
1368,"ONLY SOME","MODERATE"
1369,"HARDLY ANY","EXTREMELY LIBERAL"
1370,NA,"LIBERAL"
1371,NA,"MODERATE"
1372,"HARDLY ANY","MODERATE"
1373,NA,"EXTREMELY LIBERAL"
1374,"HARDLY ANY","SLIGHTLY LIBERAL"
1375,"ONLY SOME","CONSERVATIVE"
1376,NA,"MODERATE"
1377,"A GREAT DEAL","MODERATE"
1378,"HARDLY ANY","SLIGHTLY LIBERAL"
1379,"HARDLY ANY","SLGHTLY CONSERVATIVE"
1380,"ONLY SOME","EXTREMELY LIBERAL"
1381,NA,"EXTREMELY LIBERAL"
1382,"HARDLY ANY","MODERATE"
1383,"ONLY SOME","MODERATE"
1384,NA,"MODERATE"
1385,"ONLY SOME","MODERATE"
1386,"HARDLY ANY","LIBERAL"
1387,"HARDLY ANY","SLIGHTLY LIBERAL"
1388,NA,"MODERATE"
1389,"HARDLY ANY","MODERATE"
1390,"ONLY SOME","LIBERAL"
1391,"ONLY SOME","CONSERVATIVE"
1392,"HARDLY ANY","MODERATE"
1393,"ONLY SOME","SLGHTLY CONSERVATIVE"
1394,NA,"CONSERVATIVE"
1395,"ONLY SOME","EXTREMELY LIBERAL"
1396,"HARDLY ANY","MODERATE"
1397,NA,"SLIGHTLY LIBERAL"
1398,"HARDLY ANY","CONSERVATIVE"
1399,"ONLY SOME","SLGHTLY CONSERVATIVE"
1400,NA,"LIBERAL"
1401,NA,"SLGHTLY CONSERVATIVE"
1402,"A GREAT DEAL","MODERATE"
1403,NA,"MODERATE"
1404,"HARDLY ANY","LIBERAL"
1405,NA,"LIBERAL"
1406,"HARDLY ANY","SLIGHTLY LIBERAL"
1407,"HARDLY ANY","SLGHTLY CONSERVATIVE"
1408,"HARDLY ANY","LIBERAL"
1409,"A GREAT DEAL","LIBERAL"
1410,NA,"SLGHTLY CONSERVATIVE"
1411,"ONLY SOME","EXTREMELY LIBERAL"
1412,"ONLY SOME","LIBERAL"
1413,NA,"MODERATE"
1414,NA,"CONSERVATIVE"
1415,"HARDLY ANY","SLIGHTLY LIBERAL"
1416,NA,"SLGHTLY CONSERVATIVE"
1417,"HARDLY ANY","CONSERVATIVE"
1418,NA,"MODERATE"
1419,"HARDLY ANY","SLGHTLY CONSERVATIVE"
1420,"HARDLY ANY","SLGHTLY CONSERVATIVE"
1421,"HARDLY ANY","SLIGHTLY LIBERAL"
1422,"A GREAT DEAL","LIBERAL"
1423,"HARDLY ANY","MODERATE"
1424,"ONLY SOME","MODERATE"
1425,"HARDLY ANY","MODERATE"
1426,NA,"MODERATE"
1427,"ONLY SOME","MODERATE"
1428,"HARDLY ANY","CONSERVATIVE"
1429,NA,"LIBERAL"
1430,"ONLY SOME","CONSERVATIVE"
1431,"HARDLY ANY","SLGHTLY CONSERVATIVE"
1432,NA,"SLIGHTLY LIBERAL"
1433,"ONLY SOME","LIBERAL"
1434,NA,"EXTRMLY CONSERVATIVE"
1435,"ONLY SOME","SLIGHTLY LIBERAL"
1436,NA,"SLIGHTLY LIBERAL"
1437,"ONLY SOME","MODERATE"
1438,"A GREAT DEAL","MODERATE"
1439,"HARDLY ANY","CONSERVATIVE"
1440,"HARDLY ANY","SLGHTLY CONSERVATIVE"
1441,"ONLY SOME","LIBERAL"
1442,"ONLY SOME","SLIGHTLY LIBERAL"
1443,NA,"SLGHTLY CONSERVATIVE"
1444,"HARDLY ANY","MODERATE"
1445,"HARDLY ANY","EXTRMLY CONSERVATIVE"
1446,NA,"CONSERVATIVE"
1447,"HARDLY ANY","SLGHTLY CONSERVATIVE"
1448,NA,"LIBERAL"
1449,"HARDLY ANY","SLGHTLY CONSERVATIVE"
1450,"HARDLY ANY","SLGHTLY CONSERVATIVE"
1451,"HARDLY ANY","CONSERVATIVE"
1452,"ONLY SOME","LIBERAL"
1453,"ONLY SOME","SLGHTLY CONSERVATIVE"
1454,"A GREAT DEAL","SLIGHTLY LIBERAL"
1455,NA,"MODERATE"
1456,"A GREAT DEAL","LIBERAL"
1457,NA,"MODERATE"
1458,"ONLY SOME","EXTREMELY LIBERAL"
1459,"HARDLY ANY","MODERATE"
1460,"ONLY SOME","SLIGHTLY LIBERAL"
1461,NA,"MODERATE"
1462,"HARDLY ANY","LIBERAL"
1463,"HARDLY ANY","LIBERAL"
1464,"ONLY SOME","MODERATE"
1465,"A GREAT DEAL","SLGHTLY CONSERVATIVE"
1466,"HARDLY ANY","CONSERVATIVE"
1467,"ONLY SOME","EXTRMLY CONSERVATIVE"
1468,"HARDLY ANY","CONSERVATIVE"
1469,"ONLY SOME","LIBERAL"
1470,NA,"SLGHTLY CONSERVATIVE"
1471,NA,"MODERATE"
1472,NA,"CONSERVATIVE"
1473,"HARDLY ANY","SLGHTLY CONSERVATIVE"
1474,NA,"CONSERVATIVE"
1475,"ONLY SOME","MODERATE"
1476,NA,"MODERATE"
1477,NA,"EXTRMLY CONSERVATIVE"
1478,"HARDLY ANY","MODERATE"
1479,"HARDLY ANY","MODERATE"
1480,"HARDLY ANY","CONSERVATIVE"
1481,NA,"CONSERVATIVE"
1482,"HARDLY ANY","CONSERVATIVE"
1483,NA,"MODERATE"
1484,"HARDLY ANY","EXTRMLY CONSERVATIVE"
1485,"ONLY SOME","SLIGHTLY LIBERAL"
1486,"ONLY SOME","MODERATE"
1487,"ONLY SOME","SLGHTLY CONSERVATIVE"
1488,NA,"MODERATE"
1489,"HARDLY ANY","CONSERVATIVE"
1490,"HARDLY ANY","SLGHTLY CONSERVATIVE"
1491,"HARDLY ANY","SLIGHTLY LIBERAL"
1492,NA,"CONSERVATIVE"
1493,NA,"MODERATE"
1494,"ONLY SOME","CONSERVATIVE"
1495,"A GREAT DEAL","SLIGHTLY LIBERAL"
1496,NA,"MODERATE"
1497,"HARDLY ANY","SLIGHTLY LIBERAL"
1498,"HARDLY ANY","SLGHTLY CONSERVATIVE"
1499,NA,"SLGHTLY CONSERVATIVE"
1500,"ONLY SOME","SLIGHTLY LIBERAL"
1501,"ONLY SOME","MODERATE"
1502,"ONLY SOME","MODERATE"
1503,NA,"CONSERVATIVE"
1504,"HARDLY ANY","CONSERVATIVE"
1505,NA,"EXTREMELY LIBERAL"
1506,"HARDLY ANY","CONSERVATIVE"
1507,"ONLY SOME","MODERATE"
1508,"ONLY SOME","MODERATE"
1509,"ONLY SOME","DK"
1510,"ONLY SOME","MODERATE"
1511,"HARDLY ANY","MODERATE"
1512,"ONLY SOME","SLGHTLY CONSERVATIVE"
1513,"ONLY SOME","MODERATE"
1514,"ONLY SOME","LIBERAL"
1515,"ONLY SOME","DK"
1516,NA,"CONSERVATIVE"
1517,"HARDLY ANY","SLGHTLY CONSERVATIVE"
1518,"ONLY SOME","MODERATE"
1519,NA,"SLGHTLY CONSERVATIVE"
1520,"A GREAT DEAL","DK"
1521,"ONLY SOME","MODERATE"
1522,"HARDLY ANY","EXTRMLY CONSERVATIVE"
1523,NA,"CONSERVATIVE"
1524,"ONLY SOME","MODERATE"
1525,NA,"CONSERVATIVE"
1526,"ONLY SOME","DK"
1527,"ONLY SOME","MODERATE"
1528,"ONLY SOME","LIBERAL"
1529,NA,"SLIGHTLY LIBERAL"
1530,"HARDLY ANY","CONSERVATIVE"
1531,NA,"LIBERAL"
1532,"ONLY SOME","CONSERVATIVE"
1533,"ONLY SOME","LIBERAL"
1534,"ONLY SOME","CONSERVATIVE"
1535,"HARDLY ANY","LIBERAL"
1536,NA,"LIBERAL"
1537,"ONLY SOME","EXTREMELY LIBERAL"
1538,"HARDLY ANY","SLGHTLY CONSERVATIVE"
1539,NA,"CONSERVATIVE"
1540,"HARDLY ANY","EXTRMLY CONSERVATIVE"
1541,"HARDLY ANY","MODERATE"
1542,"ONLY SOME","SLGHTLY CONSERVATIVE"
1543,"A GREAT DEAL","MODERATE"
1544,NA,"CONSERVATIVE"
1545,"HARDLY ANY","CONSERVATIVE"
1546,NA,"EXTREMELY LIBERAL"
1547,"HARDLY ANY","LIBERAL"
1548,"DK","MODERATE"
1549,"ONLY SOME","LIBERAL"
1550,"HARDLY ANY","LIBERAL"
1551,"DK","DK"
1552,"HARDLY ANY","EXTREMELY LIBERAL"
1553,NA,"LIBERAL"
1554,"ONLY SOME","LIBERAL"
1555,"ONLY SOME","SLGHTLY CONSERVATIVE"
1556,NA,"MODERATE"
1557,"HARDLY ANY","MODERATE"
1558,"ONLY SOME","MODERATE"
1559,"HARDLY ANY",NA
1560,NA,"SLGHTLY CONSERVATIVE"
1561,"ONLY SOME","MODERATE"
1562,NA,"MODERATE"
1563,"ONLY SOME","MODERATE"
1564,"HARDLY ANY","MODERATE"
1565,NA,"CONSERVATIVE"
1566,"ONLY SOME","MODERATE"
1567,NA,"MODERATE"
1568,"ONLY SOME","SLIGHTLY LIBERAL"
1569,NA,"LIBERAL"
1570,"ONLY SOME","MODERATE"
1571,"ONLY SOME","LIBERAL"
1572,NA,"LIBERAL"
1573,"ONLY SOME","LIBERAL"
1574,"HARDLY ANY","LIBERAL"
1575,NA,"SLIGHTLY LIBERAL"
1576,"ONLY SOME","LIBERAL"
1577,"A GREAT DEAL","MODERATE"
1578,"A GREAT DEAL","MODERATE"
1579,"ONLY SOME","MODERATE"
1580,NA,"MODERATE"
1581,NA,"MODERATE"
1582,NA,"SLIGHTLY LIBERAL"
1583,"ONLY SOME","MODERATE"
1584,"ONLY SOME","DK"
1585,NA,"SLGHTLY CONSERVATIVE"
1586,"A GREAT DEAL","DK"
1587,"ONLY SOME","MODERATE"
1588,"ONLY SOME","SLIGHTLY LIBERAL"
1589,"HARDLY ANY","LIBERAL"
1590,NA,"CONSERVATIVE"
1591,"ONLY SOME","SLGHTLY CONSERVATIVE"
1592,"HARDLY ANY","MODERATE"
1593,NA,"MODERATE"
1594,"ONLY SOME","SLGHTLY CONSERVATIVE"
1595,"ONLY SOME","MODERATE"
1596,"ONLY SOME","LIBERAL"
1597,"ONLY SOME","MODERATE"
1598,NA,"SLGHTLY CONSERVATIVE"
1599,"ONLY SOME","DK"
1600,NA,"EXTRMLY CONSERVATIVE"
1601,"A GREAT DEAL",NA
1602,"A GREAT DEAL","MODERATE"
1603,"HARDLY ANY","CONSERVATIVE"
1604,NA,"MODERATE"
1605,"ONLY SOME","SLGHTLY CONSERVATIVE"
1606,"ONLY SOME","CONSERVATIVE"
1607,"HARDLY ANY","SLGHTLY CONSERVATIVE"
1608,"ONLY SOME","LIBERAL"
1609,"HARDLY ANY","DK"
1610,"A GREAT DEAL","DK"
1611,"ONLY SOME","MODERATE"
1612,"ONLY SOME","EXTREMELY LIBERAL"
1613,NA,"SLGHTLY CONSERVATIVE"
1614,"HARDLY ANY","CONSERVATIVE"
1615,"ONLY SOME","MODERATE"
1616,"ONLY SOME","SLGHTLY CONSERVATIVE"
1617,"HARDLY ANY","EXTREMELY LIBERAL"
1618,"HARDLY ANY","SLGHTLY CONSERVATIVE"
1619,"HARDLY ANY","LIBERAL"
1620,"ONLY SOME","CONSERVATIVE"
1621,"ONLY SOME","SLIGHTLY LIBERAL"
1622,"HARDLY ANY","MODERATE"
1623,"HARDLY ANY","MODERATE"
1624,NA,"MODERATE"
1625,"ONLY SOME","SLGHTLY CONSERVATIVE"
1626,"ONLY SOME","CONSERVATIVE"
1627,"ONLY SOME","MODERATE"
1628,"ONLY SOME","EXTREMELY LIBERAL"
1629,"HARDLY ANY","SLGHTLY CONSERVATIVE"
1630,NA,"MODERATE"
1631,NA,"MODERATE"
1632,"DK","EXTREMELY LIBERAL"
1633,"ONLY SOME","MODERATE"
1634,"HARDLY ANY","MODERATE"
1635,"HARDLY ANY","SLGHTLY CONSERVATIVE"
1636,"HARDLY ANY","SLGHTLY CONSERVATIVE"
1637,"ONLY SOME","SLIGHTLY LIBERAL"
1638,NA,"MODERATE"
1639,"ONLY SOME","SLIGHTLY LIBERAL"
1640,"HARDLY ANY","MODERATE"
1641,"HARDLY ANY","SLGHTLY CONSERVATIVE"
1642,"A GREAT DEAL","MODERATE"
1643,NA,"EXTRMLY CONSERVATIVE"
1644,NA,"MODERATE"
1645,"HARDLY ANY","CONSERVATIVE"
1646,"ONLY SOME","CONSERVATIVE"
1647,NA,"SLGHTLY CONSERVATIVE"
1648,"HARDLY ANY","MODERATE"
1649,NA,"CONSERVATIVE"
1650,NA,"LIBERAL"
1651,"ONLY SOME","SLGHTLY CONSERVATIVE"
1652,"ONLY SOME","DK"
1653,"HARDLY ANY","CONSERVATIVE"
1654,NA,"CONSERVATIVE"
1655,"HARDLY ANY","CONSERVATIVE"
1656,"ONLY SOME","SLGHTLY CONSERVATIVE"
1657,NA,"MODERATE"
1658,"HARDLY ANY","MODERATE"
1659,"HARDLY ANY","LIBERAL"
1660,NA,"SLIGHTLY LIBERAL"
1661,"ONLY SOME","MODERATE"
1662,NA,"CONSERVATIVE"
1663,NA,"LIBERAL"
1664,"ONLY SOME","MODERATE"
1665,"HARDLY ANY","MODERATE"
1666,"HARDLY ANY","DK"
1667,NA,"LIBERAL"
1668,"HARDLY ANY","MODERATE"
1669,"HARDLY ANY","CONSERVATIVE"
1670,"HARDLY ANY","SLIGHTLY LIBERAL"
1671,"HARDLY ANY","SLIGHTLY LIBERAL"
1672,"ONLY SOME","LIBERAL"
1673,NA,"EXTREMELY LIBERAL"
1674,"ONLY SOME","MODERATE"
1675,NA,"DK"
1676,"A GREAT DEAL","SLIGHTLY LIBERAL"
1677,"ONLY SOME","CONSERVATIVE"
1678,"HARDLY ANY","LIBERAL"
1679,NA,"DK"
1680,"HARDLY ANY","MODERATE"
1681,"HARDLY ANY","EXTREMELY LIBERAL"
1682,NA,"EXTREMELY LIBERAL"
1683,NA,"CONSERVATIVE"
1684,"ONLY SOME","DK"
1685,"HARDLY ANY","SLGHTLY CONSERVATIVE"
1686,NA,"EXTRMLY CONSERVATIVE"
1687,"HARDLY ANY","CONSERVATIVE"
1688,"A GREAT DEAL","MODERATE"
1689,"ONLY SOME","CONSERVATIVE"
1690,"ONLY SOME","MODERATE"
1691,NA,"CONSERVATIVE"
1692,NA,"MODERATE"
1693,"HARDLY ANY","LIBERAL"
1694,"ONLY SOME","MODERATE"
1695,NA,"SLIGHTLY LIBERAL"
1696,"HARDLY ANY","MODERATE"
1697,NA,"MODERATE"
1698,"HARDLY ANY","MODERATE"
1699,"ONLY SOME","MODERATE"
1700,"HARDLY ANY","LIBERAL"
1701,"HARDLY ANY","CONSERVATIVE"
1702,NA,"LIBERAL"
1703,"ONLY SOME","EXTRMLY CONSERVATIVE"
1704,NA,"SLIGHTLY LIBERAL"
1705,"HARDLY ANY","MODERATE"
1706,NA,"CONSERVATIVE"
1707,"A GREAT DEAL","SLIGHTLY LIBERAL"
1708,NA,"MODERATE"
1709,"ONLY SOME","EXTREMELY LIBERAL"
1710,NA,"CONSERVATIVE"
1711,"ONLY SOME","MODERATE"
1712,"ONLY SOME","MODERATE"
1713,NA,"MODERATE"
1714,"ONLY SOME","MODERATE"
1715,"HARDLY ANY","CONSERVATIVE"
1716,"HARDLY ANY","DK"
1717,NA,"SLGHTLY CONSERVATIVE"
1718,"DK","MODERATE"
1719,"HARDLY ANY","SLGHTLY CONSERVATIVE"
1720,NA,"CONSERVATIVE"
1721,"HARDLY ANY","MODERATE"
1722,NA,"CONSERVATIVE"
1723,"HARDLY ANY","EXTRMLY CONSERVATIVE"
1724,"ONLY SOME","MODERATE"
1725,"A GREAT DEAL","MODERATE"
1726,"HARDLY ANY","MODERATE"
1727,NA,"MODERATE"
1728,"HARDLY ANY","SLGHTLY CONSERVATIVE"
1729,NA,"SLIGHTLY LIBERAL"
1730,"ONLY SOME","MODERATE"
1731,"HARDLY ANY","SLGHTLY CONSERVATIVE"
1732,"HARDLY ANY","DK"
1733,NA,"EXTREMELY LIBERAL"
1734,"HARDLY ANY","MODERATE"
1735,"HARDLY ANY","SLIGHTLY LIBERAL"
1736,"ONLY SOME","MODERATE"
1737,NA,"CONSERVATIVE"
1738,"A GREAT DEAL","MODERATE"
1739,"HARDLY ANY","MODERATE"
1740,"HARDLY ANY","MODERATE"
1741,"ONLY SOME","LIBERAL"
1742,"HARDLY ANY","CONSERVATIVE"
1743,NA,"LIBERAL"
1744,"HARDLY ANY","CONSERVATIVE"
1745,"HARDLY ANY","MODERATE"
1746,NA,"CONSERVATIVE"
1747,"HARDLY ANY","SLIGHTLY LIBERAL"
1748,"ONLY SOME","MODERATE"
1749,"ONLY SOME","CONSERVATIVE"
1750,"HARDLY ANY","CONSERVATIVE"
1751,NA,"CONSERVATIVE"
1752,"HARDLY ANY","MODERATE"
1753,NA,"SLGHTLY CONSERVATIVE"
1754,"HARDLY ANY","MODERATE"
1755,"HARDLY ANY","SLIGHTLY LIBERAL"
1756,"ONLY SOME","EXTREMELY LIBERAL"
1757,NA,"SLGHTLY CONSERVATIVE"
1758,NA,"MODERATE"
1759,NA,"EXTRMLY CONSERVATIVE"
1760,"DK","SLGHTLY CONSERVATIVE"
1761,"HARDLY ANY","CONSERVATIVE"
1762,"ONLY SOME","EXTREMELY LIBERAL"
1763,NA,"MODERATE"
1764,"HARDLY ANY","SLIGHTLY LIBERAL"
1765,"HARDLY ANY","EXTREMELY LIBERAL"
1766,"ONLY SOME","LIBERAL"
1767,"ONLY SOME","LIBERAL"
1768,"HARDLY ANY","SLGHTLY CONSERVATIVE"
1769,"HARDLY ANY","MODERATE"
1770,NA,"SLIGHTLY LIBERAL"
1771,"HARDLY ANY","SLIGHTLY LIBERAL"
1772,"HARDLY ANY","SLIGHTLY LIBERAL"
1773,"ONLY SOME","SLIGHTLY LIBERAL"
1774,NA,"MODERATE"
1775,"HARDLY ANY","CONSERVATIVE"
1776,NA,"MODERATE"
1777,"HARDLY ANY","CONSERVATIVE"
1778,"HARDLY ANY","LIBERAL"
1779,NA,"MODERATE"
1780,"HARDLY ANY","MODERATE"
1781,"ONLY SOME","SLGHTLY CONSERVATIVE"
1782,NA,"CONSERVATIVE"
1783,"HARDLY ANY","CONSERVATIVE"
1784,"ONLY SOME","LIBERAL"
1785,NA,"SLIGHTLY LIBERAL"
1786,"HARDLY ANY","MODERATE"
1787,NA,"SLGHTLY CONSERVATIVE"
1788,"A GREAT DEAL","MODERATE"
1789,"ONLY SOME","MODERATE"
1790,"ONLY SOME","MODERATE"
1791,"ONLY SOME","LIBERAL"
1792,"ONLY SOME","MODERATE"
1793,"ONLY SOME","SLIGHTLY LIBERAL"
1794,NA,"CONSERVATIVE"
1795,"ONLY SOME","CONSERVATIVE"
1796,"HARDLY ANY","MODERATE"
1797,"HARDLY ANY","EXTRMLY CONSERVATIVE"
1798,NA,"CONSERVATIVE"
1799,"ONLY SOME","SLGHTLY CONSERVATIVE"
1800,NA,"EXTREMELY LIBERAL"
1801,NA,"SLGHTLY CONSERVATIVE"
1802,"ONLY SOME","LIBERAL"
1803,"HARDLY ANY","MODERATE"
1804,"HARDLY ANY","EXTREMELY LIBERAL"
1805,"ONLY SOME","CONSERVATIVE"
1806,"HARDLY ANY","SLGHTLY CONSERVATIVE"
1807,"HARDLY ANY","MODERATE"
1808,"HARDLY ANY","MODERATE"
1809,"HARDLY ANY","SLIGHTLY LIBERAL"
1810,NA,"LIBERAL"
1811,"HARDLY ANY","MODERATE"
1812,"ONLY SOME","CONSERVATIVE"
1813,"HARDLY ANY","MODERATE"
1814,"HARDLY ANY","CONSERVATIVE"
1815,"A GREAT DEAL","LIBERAL"
1816,"ONLY SOME","SLIGHTLY LIBERAL"
1817,NA,"CONSERVATIVE"
1818,"ONLY SOME","SLGHTLY CONSERVATIVE"
1819,"HARDLY ANY","CONSERVATIVE"
1820,NA,"CONSERVATIVE"
1821,"HARDLY ANY","MODERATE"
1822,"HARDLY ANY","SLGHTLY CONSERVATIVE"
1823,NA,"CONSERVATIVE"
1824,"ONLY SOME","SLGHTLY CONSERVATIVE"
1825,"HARDLY ANY","CONSERVATIVE"
1826,"HARDLY ANY","DK"
1827,NA,"SLIGHTLY LIBERAL"
1828,"HARDLY ANY","MODERATE"
1829,NA,"MODERATE"
1830,"HARDLY ANY","EXTRMLY CONSERVATIVE"
1831,NA,"MODERATE"
1832,"HARDLY ANY","SLIGHTLY LIBERAL"
1833,"HARDLY ANY","MODERATE"
1834,"ONLY SOME","MODERATE"
1835,NA,"SLGHTLY CONSERVATIVE"
1836,NA,"MODERATE"
1837,"HARDLY ANY","MODERATE"
1838,"HARDLY ANY","SLGHTLY CONSERVATIVE"
1839,"HARDLY ANY","DK"
1840,NA,"DK"
1841,NA,"SLIGHTLY LIBERAL"
1842,"ONLY SOME","EXTREMELY LIBERAL"
1843,NA,"MODERATE"
1844,"HARDLY ANY","MODERATE"
1845,"HARDLY ANY","MODERATE"
1846,NA,"EXTRMLY CONSERVATIVE"
1847,"HARDLY ANY","EXTRMLY CONSERVATIVE"
1848,"ONLY SOME","SLIGHTLY LIBERAL"
1849,NA,"MODERATE"
1850,"HARDLY ANY","LIBERAL"
1851,"HARDLY ANY","SLGHTLY CONSERVATIVE"
1852,"HARDLY ANY","CONSERVATIVE"
1853,"HARDLY ANY","MODERATE"
1854,NA,"CONSERVATIVE"
1855,"HARDLY ANY","LIBERAL"
1856,NA,"MODERATE"
1857,"ONLY SOME","MODERATE"
1858,"HARDLY ANY","CONSERVATIVE"
1859,"ONLY SOME","SLIGHTLY LIBERAL"
1860,NA,"SLIGHTLY LIBERAL"
1861,"ONLY SOME","SLIGHTLY LIBERAL"
1862,"A GREAT DEAL","CONSERVATIVE"
1863,"HARDLY ANY","EXTRMLY CONSERVATIVE"
1864,"ONLY SOME","LIBERAL"
1865,NA,"MODERATE"
1866,"HARDLY ANY","MODERATE"
1867,"ONLY SOME","SLGHTLY CONSERVATIVE"
1868,NA,"MODERATE"
1869,"HARDLY ANY","DK"
1870,"ONLY SOME","SLGHTLY CONSERVATIVE"
1871,"HARDLY ANY","SLGHTLY CONSERVATIVE"
1872,"HARDLY ANY","LIBERAL"
1873,NA,"CONSERVATIVE"
1874,"A GREAT DEAL","MODERATE"
1875,"ONLY SOME","MODERATE"
1876,"HARDLY ANY","SLIGHTLY LIBERAL"
1877,NA,"CONSERVATIVE"
1878,"HARDLY ANY","EXTRMLY CONSERVATIVE"
1879,"ONLY SOME","CONSERVATIVE"
1880,NA,"SLIGHTLY LIBERAL"
1881,"HARDLY ANY","CONSERVATIVE"
1882,"A GREAT DEAL","SLGHTLY CONSERVATIVE"
1883,NA,"SLIGHTLY LIBERAL"
1884,"HARDLY ANY","CONSERVATIVE"
1885,"HARDLY ANY","MODERATE"
1886,NA,"SLGHTLY CONSERVATIVE"
1887,"ONLY SOME","CONSERVATIVE"
1888,NA,"SLIGHTLY LIBERAL"
1889,"ONLY SOME","SLGHTLY CONSERVATIVE"
1890,NA,"MODERATE"
1891,"HARDLY ANY","CONSERVATIVE"
1892,"HARDLY ANY","MODERATE"
1893,NA,"CONSERVATIVE"
1894,"HARDLY ANY","EXTRMLY CONSERVATIVE"
1895,NA,"CONSERVATIVE"
1896,"HARDLY ANY","MODERATE"
1897,"ONLY SOME","CONSERVATIVE"
1898,NA,"MODERATE"
1899,"HARDLY ANY","CONSERVATIVE"
1900,"HARDLY ANY","MODERATE"
1901,NA,"CONSERVATIVE"
1902,"ONLY SOME","MODERATE"
1903,"ONLY SOME","MODERATE"
1904,NA,"MODERATE"
1905,"HARDLY ANY","EXTRMLY CONSERVATIVE"
1906,NA,"MODERATE"
1907,"HARDLY ANY","LIBERAL"
1908,NA,"CONSERVATIVE"
1909,"HARDLY ANY","MODERATE"
1910,"HARDLY ANY","EXTREMELY LIBERAL"
1911,"ONLY SOME","MODERATE"
1912,"HARDLY ANY","MODERATE"
1913,NA,"SLGHTLY CONSERVATIVE"
1914,"HARDLY ANY","SLGHTLY CONSERVATIVE"
1915,"HARDLY ANY","CONSERVATIVE"
1916,"ONLY SOME","MODERATE"
1917,NA,"LIBERAL"
1918,"ONLY SOME","MODERATE"
1919,"HARDLY ANY","EXTRMLY CONSERVATIVE"
1920,NA,"MODERATE"
1921,"HARDLY ANY","SLGHTLY CONSERVATIVE"
1922,NA,"SLGHTLY CONSERVATIVE"
1923,NA,"DK"
1924,"HARDLY ANY","CONSERVATIVE"
1925,"ONLY SOME","DK"
1926,NA,"MODERATE"
1927,"HARDLY ANY","CONSERVATIVE"
1928,NA,"MODERATE"
1929,"ONLY SOME","SLIGHTLY LIBERAL"
1930,NA,"MODERATE"
1931,"ONLY SOME","LIBERAL"
1932,NA,"MODERATE"
1933,"ONLY SOME","MODERATE"
1934,"A GREAT DEAL","LIBERAL"
1935,"A GREAT DEAL","MODERATE"
1936,"HARDLY ANY","CONSERVATIVE"
1937,NA,"MODERATE"
1938,"HARDLY ANY","SLIGHTLY LIBERAL"
1939,NA,"MODERATE"
1940,"ONLY SOME","CONSERVATIVE"
1941,"HARDLY ANY","CONSERVATIVE"
1942,"HARDLY ANY","SLIGHTLY LIBERAL"
1943,NA,"SLIGHTLY LIBERAL"
1944,"HARDLY ANY","MODERATE"
1945,"HARDLY ANY","MODERATE"
1946,"ONLY SOME","SLGHTLY CONSERVATIVE"
1947,NA,"LIBERAL"
1948,"HARDLY ANY","MODERATE"
1949,NA,"MODERATE"
1950,"HARDLY ANY","MODERATE"
1951,"HARDLY ANY","CONSERVATIVE"
1952,"HARDLY ANY","MODERATE"
1953,NA,"EXTRMLY CONSERVATIVE"
1954,"ONLY SOME","MODERATE"
1955,"HARDLY ANY","MODERATE"
1956,"ONLY SOME","SLGHTLY CONSERVATIVE"
1957,"HARDLY ANY","SLGHTLY CONSERVATIVE"
1958,"ONLY SOME","SLGHTLY CONSERVATIVE"
1959,NA,"MODERATE"
1960,"ONLY SOME","LIBERAL"
1961,NA,"EXTRMLY CONSERVATIVE"
1962,"ONLY SOME","CONSERVATIVE"
1963,"ONLY SOME","MODERATE"
1964,NA,"MODERATE"
1965,NA,"CONSERVATIVE"
1966,"ONLY SOME","SLGHTLY CONSERVATIVE"
1967,"A GREAT DEAL","LIBERAL"
1968,"ONLY SOME","CONSERVATIVE"
1969,"HARDLY ANY","MODERATE"
1970,NA,"CONSERVATIVE"
1971,"ONLY SOME","SLGHTLY CONSERVATIVE"
1972,NA,"LIBERAL"
1973,"ONLY SOME","SLIGHTLY LIBERAL"
1974,"HARDLY ANY","MODERATE"
1975,"ONLY SOME","SLGHTLY CONSERVATIVE"
1976,"DK","LIBERAL"
1977,"HARDLY ANY","MODERATE"
1978,NA,"MODERATE"
1979,"A GREAT DEAL","CONSERVATIVE"
1980,"A GREAT DEAL","LIBERAL"
1981,NA,"MODERATE"
1982,"ONLY SOME","MODERATE"
1983,NA,"EXTRMLY CONSERVATIVE"
1984,NA,"CONSERVATIVE"
1985,"HARDLY ANY","MODERATE"
1986,NA,"SLGHTLY CONSERVATIVE"
1987,"ONLY SOME","CONSERVATIVE"
1988,NA,"EXTRMLY CONSERVATIVE"
1989,"ONLY SOME","SLIGHTLY LIBERAL"
1990,NA,NA
1991,"HARDLY ANY","EXTRMLY CONSERVATIVE"
1992,"DK","EXTRMLY CONSERVATIVE"
1993,NA,"CONSERVATIVE"
1994,"HARDLY ANY","CONSERVATIVE"
1995,NA,"CONSERVATIVE"
1996,"HARDLY ANY","CONSERVATIVE"
1997,"ONLY SOME","LIBERAL"
1998,"HARDLY ANY","MODERATE"
1999,"HARDLY ANY","SLIGHTLY LIBERAL"
2000,"HARDLY ANY","CONSERVATIVE"
2001,NA,"EXTRMLY CONSERVATIVE"
2002,"HARDLY ANY","MODERATE"
2003,"HARDLY ANY","MODERATE"
2004,NA,"SLGHTLY CONSERVATIVE"
2005,"ONLY SOME","MODERATE"
2006,NA,"MODERATE"
2007,"HARDLY ANY","MODERATE"
2008,NA,"CONSERVATIVE"
2009,"HARDLY ANY","MODERATE"
2010,"ONLY SOME","SLIGHTLY LIBERAL"
2011,NA,"SLIGHTLY LIBERAL"
2012,"ONLY SOME","MODERATE"
2013,NA,"LIBERAL"
2014,"A GREAT DEAL","LIBERAL"
2015,NA,"MODERATE"
2016,NA,"LIBERAL"
2017,"ONLY SOME","MODERATE"
2018,"HARDLY ANY","MODERATE"
2019,"ONLY SOME","MODERATE"
2020,NA,"MODERATE"
2021,"ONLY SOME","SLGHTLY CONSERVATIVE"
2022,"ONLY SOME","MODERATE"
2023,"ONLY SOME","SLGHTLY CONSERVATIVE"
2024,NA,"MODERATE"
2025,"HARDLY ANY","SLIGHTLY LIBERAL"
2026,"HARDLY ANY","CONSERVATIVE"
2027,"ONLY SOME","MODERATE"
2028,"A GREAT DEAL","MODERATE"
2029,"HARDLY ANY","EXTRMLY CONSERVATIVE"
2030,"HARDLY ANY","MODERATE"
2031,"ONLY SOME","CONSERVATIVE"
2032,NA,"CONSERVATIVE"
2033,"HARDLY ANY","SLGHTLY CONSERVATIVE"
2034,"ONLY SOME","MODERATE"
2035,NA,"MODERATE"
2036,"ONLY SOME","SLGHTLY CONSERVATIVE"
2037,"A GREAT DEAL","MODERATE"
2038,NA,"LIBERAL"
2039,NA,"LIBERAL"
2040,"ONLY SOME","MODERATE"
2041,NA,NA
2042,"HARDLY ANY","CONSERVATIVE"
2043,"ONLY SOME","EXTREMELY LIBERAL"
2044,NA,"MODERATE"
2045,"HARDLY ANY","DK"
2046,"ONLY SOME","SLIGHTLY LIBERAL"
2047,"ONLY SOME","EXTRMLY CONSERVATIVE"
2048,"ONLY SOME","MODERATE"
2049,"A GREAT DEAL","MODERATE"
2050,NA,"MODERATE"
2051,"HARDLY ANY","EXTREMELY LIBERAL"
2052,"HARDLY ANY","MODERATE"
2053,"HARDLY ANY","MODERATE"
2054,"HARDLY ANY","CONSERVATIVE"
2055,"HARDLY ANY","MODERATE"
2056,NA,"CONSERVATIVE"
2057,"HARDLY ANY","SLGHTLY CONSERVATIVE"
2058,"ONLY SOME","LIBERAL"
2059,NA,"LIBERAL"
2060,"HARDLY ANY","MODERATE"
2061,"ONLY SOME","MODERATE"
2062,NA,"MODERATE"
2063,"ONLY SOME","LIBERAL"
2064,"HARDLY ANY","SLGHTLY CONSERVATIVE"
2065,NA,"SLGHTLY CONSERVATIVE"
2066,"ONLY SOME","EXTREMELY LIBERAL"
2067,"HARDLY ANY","SLGHTLY CONSERVATIVE"
2068,"ONLY SOME","MODERATE"
2069,"HARDLY ANY","EXTREMELY LIBERAL"
2070,"ONLY SOME","SLIGHTLY LIBERAL"
2071,"HARDLY ANY","MODERATE"
2072,"HARDLY ANY","SLGHTLY CONSERVATIVE"
2073,NA,"LIBERAL"
2074,"A GREAT DEAL","LIBERAL"
2075,"ONLY SOME","MODERATE"
2076,"HARDLY ANY","CONSERVATIVE"
2077,NA,"DK"
2078,"HARDLY ANY","MODERATE"
2079,NA,"SLIGHTLY LIBERAL"
2080,"HARDLY ANY","LIBERAL"
2081,"HARDLY ANY","MODERATE"
2082,"ONLY SOME","CONSERVATIVE"
2083,"ONLY SOME","LIBERAL"
2084,NA,"MODERATE"
2085,"HARDLY ANY","MODERATE"
2086,"ONLY SOME","MODERATE"
2087,"HARDLY ANY","EXTRMLY CONSERVATIVE"
2088,NA,"MODERATE"
2089,"HARDLY ANY","EXTRMLY CONSERVATIVE"
2090,"HARDLY ANY","MODERATE"
2091,NA,"CONSERVATIVE"
2092,"HARDLY ANY","CONSERVATIVE"
2093,"ONLY SOME","LIBERAL"
2094,"ONLY SOME",NA
2095,"HARDLY ANY","CONSERVATIVE"
2096,NA,"MODERATE"
2097,"HARDLY ANY","CONSERVATIVE"
2098,"ONLY SOME","CONSERVATIVE"
2099,"ONLY SOME","MODERATE"
2100,NA,"LIBERAL"
2101,"HARDLY ANY","MODERATE"
2102,NA,"DK"
2103,"ONLY SOME","LIBERAL"
2104,NA,"MODERATE"
2105,NA,"LIBERAL"
2106,"HARDLY ANY","SLIGHTLY LIBERAL"
2107,NA,"CONSERVATIVE"
2108,NA,"EXTRMLY CONSERVATIVE"
2109,"ONLY SOME","MODERATE"
2110,NA,"SLIGHTLY LIBERAL"
2111,"ONLY SOME","LIBERAL"
2112,"HARDLY ANY","MODERATE"
2113,"HARDLY ANY","MODERATE"
2114,"HARDLY ANY","MODERATE"
2115,"A GREAT DEAL","SLIGHTLY LIBERAL"
2116,"HARDLY ANY","MODERATE"
2117,"HARDLY ANY","MODERATE"
2118,NA,"SLGHTLY CONSERVATIVE"
2119,"DK",NA
2120,"HARDLY ANY","EXTRMLY CONSERVATIVE"
2121,"HARDLY ANY","MODERATE"
2122,"A GREAT DEAL","SLGHTLY CONSERVATIVE"
2123,NA,"MODERATE"
2124,"HARDLY ANY","CONSERVATIVE"
2125,NA,"MODERATE"
2126,"ONLY SOME","MODERATE"
2127,"HARDLY ANY","EXTRMLY CONSERVATIVE"
2128,NA,"CONSERVATIVE"
2129,"HARDLY ANY","SLGHTLY CONSERVATIVE"
2130,NA,"SLGHTLY CONSERVATIVE"
2131,"ONLY SOME","CONSERVATIVE"
2132,"DK","MODERATE"
2133,"ONLY SOME","MODERATE"
2134,"HARDLY ANY","SLGHTLY CONSERVATIVE"
2135,NA,"CONSERVATIVE"
2136,"A GREAT DEAL","MODERATE"
2137,"HARDLY ANY","CONSERVATIVE"
2138,NA,"DK"
2139,"HARDLY ANY","CONSERVATIVE"
2140,"HARDLY ANY","MODERATE"
2141,"ONLY SOME","SLIGHTLY LIBERAL"
2142,"A GREAT DEAL","SLGHTLY CONSERVATIVE"
2143,"A GREAT DEAL","SLGHTLY CONSERVATIVE"
2144,NA,"SLGHTLY CONSERVATIVE"
2145,"A GREAT DEAL",NA
2146,"A GREAT DEAL","CONSERVATIVE"
2147,NA,"SLGHTLY CONSERVATIVE"
2148,"ONLY SOME","SLGHTLY CONSERVATIVE"
2149,NA,"EXTRMLY CONSERVATIVE"
2150,"A GREAT DEAL","LIBERAL"
2151,NA,"SLGHTLY CONSERVATIVE"
2152,"ONLY SOME","EXTREMELY LIBERAL"
2153,"HARDLY ANY","CONSERVATIVE"
2154,NA,"MODERATE"
2155,"ONLY SOME","CONSERVATIVE"
2156,NA,"MODERATE"
2157,"HARDLY ANY","CONSERVATIVE"
2158,"HARDLY ANY","LIBERAL"
2159,"HARDLY ANY","MODERATE"
2160,"HARDLY ANY","MODERATE"
2161,"HARDLY ANY","MODERATE"
2162,NA,"MODERATE"
2163,NA,"MODERATE"
2164,"HARDLY ANY","CONSERVATIVE"
2165,"HARDLY ANY","CONSERVATIVE"
2166,"ONLY SOME","DK"
2167,"HARDLY ANY","CONSERVATIVE"
2168,"HARDLY ANY","MODERATE"
2169,"ONLY SOME","CONSERVATIVE"
2170,"ONLY SOME","SLIGHTLY LIBERAL"
2171,"HARDLY ANY","SLGHTLY CONSERVATIVE"
2172,"ONLY SOME","SLIGHTLY LIBERAL"
2173,"HARDLY ANY","SLGHTLY CONSERVATIVE"
2174,NA,"MODERATE"
2175,"A GREAT DEAL","CONSERVATIVE"
2176,NA,"SLGHTLY CONSERVATIVE"
2177,"ONLY SOME","MODERATE"
2178,NA,"MODERATE"
2179,"ONLY SOME","DK"
2180,"HARDLY ANY","MODERATE"
2181,NA,"MODERATE"
2182,"HARDLY ANY","MODERATE"
2183,"HARDLY ANY","LIBERAL"
2184,NA,"SLGHTLY CONSERVATIVE"
2185,"ONLY SOME","MODERATE"
2186,"HARDLY ANY","SLGHTLY CONSERVATIVE"
2187,NA,"SLIGHTLY LIBERAL"
2188,"ONLY SOME","MODERATE"
2189,"ONLY SOME","MODERATE"
2190,"HARDLY ANY","SLGHTLY CONSERVATIVE"
2191,"ONLY SOME","CONSERVATIVE"
2192,NA,"LIBERAL"
2193,"HARDLY ANY","EXTREMELY LIBERAL"
2194,"A GREAT DEAL","EXTREMELY LIBERAL"
2195,NA,"LIBERAL"
2196,"ONLY SOME","SLIGHTLY LIBERAL"
2197,NA,"EXTREMELY LIBERAL"
2198,"ONLY SOME","CONSERVATIVE"
2199,"ONLY SOME","LIBERAL"
2200,NA,"SLIGHTLY LIBERAL"
2201,"ONLY SOME","MODERATE"
2202,"HARDLY ANY","EXTRMLY CONSERVATIVE"
2203,NA,"SLIGHTLY LIBERAL"
2204,"ONLY SOME","MODERATE"
2205,"ONLY SOME","CONSERVATIVE"
2206,NA,"CONSERVATIVE"
2207,"ONLY SOME","LIBERAL"
2208,"ONLY SOME","MODERATE"
2209,"ONLY SOME","MODERATE"
2210,NA,"MODERATE"
2211,"A GREAT DEAL","MODERATE"
2212,"ONLY SOME","MODERATE"
2213,NA,"EXTREMELY LIBERAL"
2214,"ONLY SOME","MODERATE"
2215,"ONLY SOME","MODERATE"
2216,NA,"MODERATE"
2217,"HARDLY ANY","MODERATE"
2218,NA,"EXTREMELY LIBERAL"
2219,"ONLY SOME","MODERATE"
2220,NA,"SLIGHTLY LIBERAL"
2221,"ONLY SOME","MODERATE"
2222,NA,"SLIGHTLY LIBERAL"
2223,"ONLY SOME","MODERATE"
2224,"ONLY SOME","SLIGHTLY LIBERAL"
2225,NA,"MODERATE"
2226,"A GREAT DEAL","LIBERAL"
2227,NA,"CONSERVATIVE"
2228,"ONLY SOME","EXTRMLY CONSERVATIVE"
2229,NA,"SLIGHTLY LIBERAL"
2230,"ONLY SOME",NA
2231,"HARDLY ANY","MODERATE"
2232,"HARDLY ANY","MODERATE"
2233,"A GREAT DEAL","DK"
2234,NA,"MODERATE"
2235,"HARDLY ANY","EXTRMLY CONSERVATIVE"
2236,"HARDLY ANY","MODERATE"
2237,"HARDLY ANY","MODERATE"
2238,"HARDLY ANY","EXTRMLY CONSERVATIVE"
2239,"A GREAT DEAL","EXTRMLY CONSERVATIVE"
2240,"HARDLY ANY","CONSERVATIVE"
2241,"ONLY SOME","SLIGHTLY LIBERAL"
2242,"HARDLY ANY","CONSERVATIVE"
2243,"HARDLY ANY","EXTRMLY CONSERVATIVE"
2244,"HARDLY ANY","SLGHTLY CONSERVATIVE"
2245,NA,"EXTRMLY CONSERVATIVE"
2246,"ONLY SOME","SLIGHTLY LIBERAL"
2247,"ONLY SOME","EXTRMLY CONSERVATIVE"
2248,"HARDLY ANY","SLGHTLY CONSERVATIVE"
2249,"A GREAT DEAL","CONSERVATIVE"
2250,"ONLY SOME","MODERATE"
2251,"ONLY SOME","SLIGHTLY LIBERAL"
2252,"HARDLY ANY","MODERATE"
2253,"HARDLY ANY","CONSERVATIVE"
2254,"A GREAT DEAL","EXTRMLY CONSERVATIVE"
2255,"A GREAT DEAL","EXTREMELY LIBERAL"
2256,NA,"SLGHTLY CONSERVATIVE"
2257,"ONLY SOME","EXTREMELY LIBERAL"
2258,NA,"EXTREMELY LIBERAL"
2259,"ONLY SOME","MODERATE"
2260,"HARDLY ANY","CONSERVATIVE"
2261,"ONLY SOME","SLGHTLY CONSERVATIVE"
2262,NA,"MODERATE"
2263,"HARDLY ANY","CONSERVATIVE"
2264,"ONLY SOME","CONSERVATIVE"
2265,NA,"MODERATE"
2266,"A GREAT DEAL","MODERATE"
2267,"HARDLY ANY","MODERATE"
2268,NA,"SLGHTLY CONSERVATIVE"
2269,"ONLY SOME","SLGHTLY CONSERVATIVE"
2270,"HARDLY ANY","DK"
2271,NA,"SLGHTLY CONSERVATIVE"
2272,NA,"CONSERVATIVE"
2273,"DK","CONSERVATIVE"
2274,NA,"MODERATE"
2275,"HARDLY ANY","SLIGHTLY LIBERAL"
2276,"HARDLY ANY","MODERATE"
2277,NA,"SLGHTLY CONSERVATIVE"
2278,"HARDLY ANY","CONSERVATIVE"
2279,NA,"SLGHTLY CONSERVATIVE"
2280,"HARDLY ANY","CONSERVATIVE"
2281,NA,"EXTRMLY CONSERVATIVE"
2282,"ONLY SOME","EXTRMLY CONSERVATIVE"
2283,NA,"CONSERVATIVE"
2284,"ONLY SOME","CONSERVATIVE"
2285,NA,"MODERATE"
2286,"HARDLY ANY","EXTREMELY LIBERAL"
2287,NA,"SLIGHTLY LIBERAL"
2288,"HARDLY ANY","MODERATE"
2289,NA,"MODERATE"
2290,"A GREAT DEAL","SLIGHTLY LIBERAL"
2291,"ONLY SOME","DK"
2292,"HARDLY ANY","MODERATE"
2293,"HARDLY ANY","SLGHTLY CONSERVATIVE"
2294,NA,"MODERATE"
2295,"HARDLY ANY","CONSERVATIVE"
2296,"ONLY SOME","CONSERVATIVE"
2297,"HARDLY ANY","CONSERVATIVE"
2298,NA,"EXTRMLY CONSERVATIVE"
2299,"ONLY SOME","SLIGHTLY LIBERAL"
2300,NA,"LIBERAL"
2301,"ONLY SOME","MODERATE"
2302,"ONLY SOME","CONSERVATIVE"
2303,"HARDLY ANY","SLIGHTLY LIBERAL"
2304,NA,"SLIGHTLY LIBERAL"
2305,"HARDLY ANY","SLIGHTLY LIBERAL"
2306,"ONLY SOME","MODERATE"
2307,NA,"LIBERAL"
2308,NA,"MODERATE"
2309,"HARDLY ANY","LIBERAL"
2310,"ONLY SOME","MODERATE"
2311,"HARDLY ANY","SLGHTLY CONSERVATIVE"
2312,NA,"SLIGHTLY LIBERAL"
2313,NA,"CONSERVATIVE"
2314,"ONLY SOME","LIBERAL"
2315,NA,"MODERATE"
2316,"HARDLY ANY","MODERATE"
2317,NA,"MODERATE"
2318,"HARDLY ANY","LIBERAL"
2319,"HARDLY ANY","CONSERVATIVE"
2320,NA,"SLGHTLY CONSERVATIVE"
2321,"HARDLY ANY","LIBERAL"
2322,NA,"SLIGHTLY LIBERAL"
2323,NA,"SLIGHTLY LIBERAL"
2324,NA,"CONSERVATIVE"
2325,"ONLY SOME","MODERATE"
2326,NA,"SLGHTLY CONSERVATIVE"
2327,"HARDLY ANY","CONSERVATIVE"
2328,"HARDLY ANY","CONSERVATIVE"
2329,"A GREAT DEAL","MODERATE"
2330,"A GREAT DEAL","SLIGHTLY LIBERAL"
2331,"ONLY SOME","CONSERVATIVE"
2332,"ONLY SOME","MODERATE"
2333,NA,"LIBERAL"
2334,"HARDLY ANY","SLGHTLY CONSERVATIVE"
2335,"ONLY SOME","MODERATE"
2336,"ONLY SOME","SLIGHTLY LIBERAL"
2337,NA,"SLGHTLY CONSERVATIVE"
2338,"HARDLY ANY","EXTRMLY CONSERVATIVE"
2339,NA,NA
2340,"ONLY SOME","CONSERVATIVE"
2341,NA,"MODERATE"
2342,"ONLY SOME","MODERATE"
2343,"HARDLY ANY","MODERATE"
2344,NA,"MODERATE"
2345,"A GREAT DEAL","SLGHTLY CONSERVATIVE"
2346,"HARDLY ANY","MODERATE"
2347,"ONLY SOME","LIBERAL"
2348,"ONLY SOME","SLGHTLY CONSERVATIVE"
2349,NA,"MODERATE"
2350,"HARDLY ANY","MODERATE"
2351,"ONLY SOME","SLIGHTLY LIBERAL"
2352,"HARDLY ANY","LIBERAL"
2353,"ONLY SOME","CONSERVATIVE"
2354,"ONLY SOME","CONSERVATIVE"
2355,NA,"CONSERVATIVE"
2356,"HARDLY ANY","SLGHTLY CONSERVATIVE"
2357,"HARDLY ANY","CONSERVATIVE"
2358,"HARDLY ANY","MODERATE"
2359,NA,"SLGHTLY CONSERVATIVE"
2360,"HARDLY ANY","CONSERVATIVE"
2361,"ONLY SOME","MODERATE"
2362,"HARDLY ANY","CONSERVATIVE"
2363,"ONLY SOME","MODERATE"
2364,"ONLY SOME","LIBERAL"
2365,NA,"CONSERVATIVE"
2366,"ONLY SOME","LIBERAL"
2367,"HARDLY ANY","SLGHTLY CONSERVATIVE"
2368,NA,"LIBERAL"
2369,"ONLY SOME","EXTREMELY LIBERAL"
2370,"HARDLY ANY","EXTRMLY CONSERVATIVE"
2371,"HARDLY ANY","CONSERVATIVE"
2372,"ONLY SOME","MODERATE"
2373,NA,"CONSERVATIVE"
2374,"ONLY SOME","MODERATE"
2375,"HARDLY ANY","MODERATE"
2376,"HARDLY ANY","MODERATE"
2377,"ONLY SOME","SLIGHTLY LIBERAL"
2378,"ONLY SOME","SLIGHTLY LIBERAL"
2379,NA,"DK"
2380,"HARDLY ANY","LIBERAL"
2381,"ONLY SOME","LIBERAL"
2382,"ONLY SOME","CONSERVATIVE"
2383,"HARDLY ANY","MODERATE"
2384,NA,"MODERATE"
2385,"ONLY SOME","MODERATE"
2386,NA,"SLIGHTLY LIBERAL"
2387,"HARDLY ANY","CONSERVATIVE"
2388,"A GREAT DEAL","LIBERAL"
2389,"DK","MODERATE"
2390,NA,"MODERATE"
2391,"HARDLY ANY","MODERATE"
2392,NA,"MODERATE"
2393,"HARDLY ANY","SLIGHTLY LIBERAL"
2394,NA,"LIBERAL"
2395,"HARDLY ANY","MODERATE"
2396,"HARDLY ANY","SLGHTLY CONSERVATIVE"
2397,NA,"MODERATE"
2398,"HARDLY ANY","MODERATE"
2399,NA,"SLIGHTLY LIBERAL"
2400,"HARDLY ANY","MODERATE"
2401,"HARDLY ANY","SLGHTLY CONSERVATIVE"
2402,"A GREAT DEAL","MODERATE"
2403,NA,NA
2404,"ONLY SOME","SLIGHTLY LIBERAL"
2405,"HARDLY ANY","MODERATE"
2406,NA,"MODERATE"
2407,"ONLY SOME","MODERATE"
2408,NA,"EXTREMELY LIBERAL"
2409,"A GREAT DEAL","MODERATE"
2410,NA,"SLGHTLY CONSERVATIVE"
2411,"ONLY SOME","CONSERVATIVE"
2412,NA,"SLGHTLY CONSERVATIVE"
2413,"HARDLY ANY","CONSERVATIVE"
2414,"ONLY SOME","EXTRMLY CONSERVATIVE"
2415,NA,"EXTREMELY LIBERAL"
2416,"HARDLY ANY","SLIGHTLY LIBERAL"
2417,NA,"EXTRMLY CONSERVATIVE"
2418,NA,"EXTRMLY CONSERVATIVE"
2419,"HARDLY ANY","MODERATE"
2420,NA,"LIBERAL"
2421,NA,"MODERATE"
2422,"ONLY SOME","SLIGHTLY LIBERAL"
2423,"ONLY SOME","MODERATE"
2424,"ONLY SOME","DK"
2425,NA,"LIBERAL"
2426,"ONLY SOME","CONSERVATIVE"
2427,"HARDLY ANY","MODERATE"
2428,"ONLY SOME","LIBERAL"
2429,NA,"LIBERAL"
2430,"ONLY SOME","LIBERAL"
2431,"HARDLY ANY","SLGHTLY CONSERVATIVE"
2432,NA,"EXTREMELY LIBERAL"
2433,"ONLY SOME","SLIGHTLY LIBERAL"
2434,NA,"CONSERVATIVE"
2435,"HARDLY ANY","CONSERVATIVE"
2436,NA,"SLGHTLY CONSERVATIVE"
2437,"HARDLY ANY","LIBERAL"
2438,NA,"SLGHTLY CONSERVATIVE"
2439,"ONLY SOME","LIBERAL"
2440,NA,"SLGHTLY CONSERVATIVE"
2441,"HARDLY ANY","SLIGHTLY LIBERAL"
2442,"HARDLY ANY","SLGHTLY CONSERVATIVE"
2443,NA,"LIBERAL"
2444,"HARDLY ANY","MODERATE"
2445,"HARDLY ANY","LIBERAL"
2446,"ONLY SOME","LIBERAL"
2447,"HARDLY ANY","LIBERAL"
2448,NA,"MODERATE"
2449,"HARDLY ANY","EXTRMLY CONSERVATIVE"
2450,NA,"EXTRMLY CONSERVATIVE"
2451,"HARDLY ANY","MODERATE"
2452,"HARDLY ANY","EXTREMELY LIBERAL"
2453,NA,"SLIGHTLY LIBERAL"
2454,"HARDLY ANY","SLGHTLY CONSERVATIVE"
2455,NA,"MODERATE"
2456,"ONLY SOME","SLIGHTLY LIBERAL"
2457,"ONLY SOME","CONSERVATIVE"
2458,"HARDLY ANY","SLGHTLY CONSERVATIVE"
2459,"HARDLY ANY","MODERATE"
2460,"HARDLY ANY","LIBERAL"
2461,"ONLY SOME","MODERATE"
2462,"HARDLY ANY","EXTRMLY CONSERVATIVE"
2463,"HARDLY ANY","SLGHTLY CONSERVATIVE"
2464,"ONLY SOME","EXTREMELY LIBERAL"
2465,NA,"SLIGHTLY LIBERAL"
2466,"ONLY SOME","SLGHTLY CONSERVATIVE"
2467,NA,"LIBERAL"
2468,"HARDLY ANY","SLIGHTLY LIBERAL"
2469,NA,"LIBERAL"
2470,NA,"EXTREMELY LIBERAL"
2471,NA,"LIBERAL"
2472,"HARDLY ANY","SLGHTLY CONSERVATIVE"
2473,"ONLY SOME","LIBERAL"
2474,"HARDLY ANY","SLIGHTLY LIBERAL"
2475,NA,"SLIGHTLY LIBERAL"
2476,"HARDLY ANY","MODERATE"
2477,NA,"LIBERAL"
2478,"A GREAT DEAL","EXTREMELY LIBERAL"
2479,NA,"MODERATE"
2480,"HARDLY ANY","CONSERVATIVE"
2481,NA,"CONSERVATIVE"
2482,"HARDLY ANY","SLGHTLY CONSERVATIVE"
2483,NA,NA
2484,"HARDLY ANY","CONSERVATIVE"
2485,"HARDLY ANY","SLGHTLY CONSERVATIVE"
2486,"HARDLY ANY","SLGHTLY CONSERVATIVE"
2487,NA,"MODERATE"
2488,"HARDLY ANY","MODERATE"
2489,NA,"SLIGHTLY LIBERAL"
2490,"ONLY SOME","MODERATE"
2491,"ONLY SOME","SLGHTLY CONSERVATIVE"
2492,NA,"SLGHTLY CONSERVATIVE"
2493,"HARDLY ANY","MODERATE"
2494,"ONLY SOME","CONSERVATIVE"
2495,"HARDLY ANY","MODERATE"
2496,NA,"CONSERVATIVE"
2497,"HARDLY ANY","SLIGHTLY LIBERAL"
2498,"HARDLY ANY","CONSERVATIVE"
2499,NA,"EXTRMLY CONSERVATIVE"
2500,"HARDLY ANY","CONSERVATIVE"
2501,NA,"MODERATE"
2502,"A GREAT DEAL","LIBERAL"
2503,"ONLY SOME","MODERATE"
2504,"HARDLY ANY","SLIGHTLY LIBERAL"
2505,NA,"MODERATE"
2506,"HARDLY ANY","MODERATE"
2507,"ONLY SOME","EXTREMELY LIBERAL"
2508,NA,"MODERATE"
2509,"HARDLY ANY","SLGHTLY CONSERVATIVE"
2510,NA,"SLGHTLY CONSERVATIVE"
2511,"ONLY SOME","LIBERAL"
2512,"ONLY SOME","LIBERAL"
2513,NA,"LIBERAL"
2514,"A GREAT DEAL","MODERATE"
2515,"ONLY SOME","CONSERVATIVE"
2516,NA,"EXTRMLY CONSERVATIVE"
2517,"HARDLY ANY","SLGHTLY CONSERVATIVE"
2518,"ONLY SOME","MODERATE"
2519,"ONLY SOME","MODERATE"
2520,NA,"SLGHTLY CONSERVATIVE"
2521,"ONLY SOME",NA
2522,"HARDLY ANY","MODERATE"
2523,NA,"CONSERVATIVE"
2524,"HARDLY ANY","MODERATE"
2525,NA,"MODERATE"
2526,"HARDLY ANY","MODERATE"
2527,NA,"MODERATE"
2528,"ONLY SOME","SLGHTLY CONSERVATIVE"
2529,NA,"MODERATE"
2530,"HARDLY ANY","MODERATE"
2531,"ONLY SOME","DK"
2532,NA,"MODERATE"
2533,NA,"EXTRMLY CONSERVATIVE"
2534,"HARDLY ANY","LIBERAL"
2535,NA,"SLGHTLY CONSERVATIVE"
2536,"HARDLY ANY","SLGHTLY CONSERVATIVE"
2537,"HARDLY ANY",NA
2538,"HARDLY ANY","SLGHTLY CONSERVATIVE"
2539,"HARDLY ANY","SLIGHTLY LIBERAL"
2540,"HARDLY ANY","CONSERVATIVE"
2541,NA,"MODERATE"
2542,"HARDLY ANY","SLGHTLY CONSERVATIVE"
2543,"ONLY SOME","CONSERVATIVE"
2544,NA,"MODERATE"
2545,"ONLY SOME","MODERATE"
2546,"ONLY SOME","MODERATE"
2547,"ONLY SOME","MODERATE"
2548,NA,"CONSERVATIVE"
2549,"HARDLY ANY","SLGHTLY CONSERVATIVE"
2550,NA,"SLGHTLY CONSERVATIVE"
2551,"HARDLY ANY","DK"
2552,NA,"MODERATE"
2553,"ONLY SOME","MODERATE"
2554,"ONLY SOME","SLIGHTLY LIBERAL"
2555,"HARDLY ANY","SLGHTLY CONSERVATIVE"
2556,NA,"SLGHTLY CONSERVATIVE"
2557,"ONLY SOME","MODERATE"
2558,"A GREAT DEAL","MODERATE"
2559,NA,"MODERATE"
2560,"ONLY SOME","MODERATE"
2561,"HARDLY ANY","MODERATE"
2562,"ONLY SOME","SLGHTLY CONSERVATIVE"
2563,NA,"MODERATE"
2564,"HARDLY ANY","SLGHTLY CONSERVATIVE"
2565,"ONLY SOME","CONSERVATIVE"
2566,"ONLY SOME","MODERATE"
2567,"ONLY SOME","MODERATE"
2568,"ONLY SOME","SLIGHTLY LIBERAL"
2569,NA,"DK"
2570,"HARDLY ANY","MODERATE"
2571,"ONLY SOME","CONSERVATIVE"
2572,"HARDLY ANY","SLGHTLY CONSERVATIVE"
2573,"HARDLY ANY","SLIGHTLY LIBERAL"
2574,NA,"MODERATE"
2575,"ONLY SOME","CONSERVATIVE"
2576,"HARDLY ANY","SLIGHTLY LIBERAL"
2577,NA,"SLGHTLY CONSERVATIVE"
2578,NA,"EXTRMLY CONSERVATIVE"
2579,"HARDLY ANY","SLIGHTLY LIBERAL"
2580,"HARDLY ANY","MODERATE"
2581,NA,"CONSERVATIVE"
2582,"A GREAT DEAL","CONSERVATIVE"
2583,"ONLY SOME","MODERATE"
2584,NA,"MODERATE"
2585,"ONLY SOME","CONSERVATIVE"
2586,NA,"SLGHTLY CONSERVATIVE"
2587,NA,"SLGHTLY CONSERVATIVE"
2588,NA,"MODERATE"
2589,"ONLY SOME","MODERATE"
2590,NA,"MODERATE"
2591,"ONLY SOME","SLGHTLY CONSERVATIVE"
2592,"HARDLY ANY","SLIGHTLY LIBERAL"
2593,NA,"MODERATE"
2594,"ONLY SOME","MODERATE"
2595,"ONLY SOME","SLIGHTLY LIBERAL"
2596,"HARDLY ANY","MODERATE"
2597,"DK","DK"
2598,"HARDLY ANY","MODERATE"
2599,"HARDLY ANY","EXTRMLY CONSERVATIVE"
2600,NA,"MODERATE"
2601,"HARDLY ANY","MODERATE"
2602,"ONLY SOME","LIBERAL"
2603,NA,"CONSERVATIVE"
2604,"A GREAT DEAL","MODERATE"
2605,"HARDLY ANY","CONSERVATIVE"
2606,"HARDLY ANY","CONSERVATIVE"
2607,NA,"SLGHTLY CONSERVATIVE"
2608,"HARDLY ANY","EXTREMELY LIBERAL"
2609,"HARDLY ANY","MODERATE"
2610,"ONLY SOME","LIBERAL"
2611,"ONLY SOME","SLGHTLY CONSERVATIVE"
2612,"HARDLY ANY","SLGHTLY CONSERVATIVE"
2613,"ONLY SOME","SLIGHTLY LIBERAL"
2614,NA,"MODERATE"
2615,"ONLY SOME","SLIGHTLY LIBERAL"
2616,"HARDLY ANY","SLIGHTLY LIBERAL"
2617,"ONLY SOME","EXTRMLY CONSERVATIVE"
2618,NA,"MODERATE"
2619,"ONLY SOME","MODERATE"
2620,NA,"LIBERAL"
2621,"HARDLY ANY","SLGHTLY CONSERVATIVE"
2622,NA,"SLGHTLY CONSERVATIVE"
2623,"HARDLY ANY","MODERATE"
2624,NA,"CONSERVATIVE"
2625,"HARDLY ANY","MODERATE"
2626,NA,"LIBERAL"
2627,"HARDLY ANY","MODERATE"
2628,NA,"SLIGHTLY LIBERAL"
2629,"A GREAT DEAL","MODERATE"
2630,NA,"LIBERAL"
2631,"HARDLY ANY","MODERATE"
2632,"HARDLY ANY","SLIGHTLY LIBERAL"
2633,NA,"SLIGHTLY LIBERAL"
2634,"HARDLY ANY","SLGHTLY CONSERVATIVE"
2635,"HARDLY ANY","MODERATE"
2636,"HARDLY ANY","MODERATE"
2637,"HARDLY ANY","MODERATE"
2638,NA,"CONSERVATIVE"
2639,"HARDLY ANY","MODERATE"
2640,"HARDLY ANY","CONSERVATIVE"
2641,"HARDLY ANY","CONSERVATIVE"
2642,"HARDLY ANY","SLIGHTLY LIBERAL"
2643,"ONLY SOME","SLIGHTLY LIBERAL"
2644,"HARDLY ANY","EXTRMLY CONSERVATIVE"
2645,"HARDLY ANY","SLGHTLY CONSERVATIVE"
2646,"ONLY SOME","MODERATE"
2647,"HARDLY ANY","CONSERVATIVE"
2648,NA,"MODERATE"
2649,NA,"LIBERAL"
2650,"HARDLY ANY","MODERATE"
2651,"HARDLY ANY","MODERATE"
2652,NA,"MODERATE"
2653,"ONLY SOME","CONSERVATIVE"
2654,"HARDLY ANY","CONSERVATIVE"
2655,NA,"SLGHTLY CONSERVATIVE"
2656,"HARDLY ANY","MODERATE"
2657,"HARDLY ANY","MODERATE"
2658,"HARDLY ANY","CONSERVATIVE"
2659,"HARDLY ANY","EXTREMELY LIBERAL"
2660,"ONLY SOME","SLGHTLY CONSERVATIVE"
2661,"HARDLY ANY","CONSERVATIVE"
2662,"A GREAT DEAL","SLIGHTLY LIBERAL"
2663,"ONLY SOME","SLGHTLY CONSERVATIVE"
2664,NA,"MODERATE"
2665,NA,"CONSERVATIVE"
2666,"ONLY SOME","MODERATE"
2667,"HARDLY ANY","MODERATE"
2668,NA,"MODERATE"
2669,NA,"MODERATE"
2670,"HARDLY ANY","MODERATE"
2671,"HARDLY ANY","MODERATE"
2672,"HARDLY ANY","CONSERVATIVE"
2673,"ONLY SOME","SLIGHTLY LIBERAL"
2674,NA,"SLIGHTLY LIBERAL"
2675,"ONLY SOME","SLIGHTLY LIBERAL"
2676,"HARDLY ANY","CONSERVATIVE"
2677,"HARDLY ANY","MODERATE"
2678,"HARDLY ANY","MODERATE"
2679,NA,"MODERATE"
2680,NA,"CONSERVATIVE"
2681,NA,"EXTRMLY CONSERVATIVE"
2682,"HARDLY ANY","SLGHTLY CONSERVATIVE"
2683,"HARDLY ANY","SLGHTLY CONSERVATIVE"
2684,"HARDLY ANY","MODERATE"
2685,NA,"MODERATE"
2686,"HARDLY ANY","SLGHTLY CONSERVATIVE"
2687,NA,"SLGHTLY CONSERVATIVE"
2688,"HARDLY ANY","SLGHTLY CONSERVATIVE"
2689,"ONLY SOME","MODERATE"
2690,NA,"SLIGHTLY LIBERAL"
2691,"ONLY SOME","MODERATE"
2692,"ONLY SOME","EXTRMLY CONSERVATIVE"
2693,NA,"MODERATE"
2694,"HARDLY ANY","MODERATE"
2695,"ONLY SOME","LIBERAL"
2696,NA,"SLGHTLY CONSERVATIVE"
2697,"ONLY SOME","LIBERAL"
2698,"ONLY SOME","LIBERAL"
2699,NA,"MODERATE"
2700,"HARDLY ANY","CONSERVATIVE"
2701,"HARDLY ANY","CONSERVATIVE"
2702,"HARDLY ANY","EXTREMELY LIBERAL"
2703,NA,"SLGHTLY CONSERVATIVE"
2704,"ONLY SOME","SLIGHTLY LIBERAL"
2705,NA,"MODERATE"
2706,NA,"CONSERVATIVE"
2707,"ONLY SOME","LIBERAL"
2708,NA,"MODERATE"
2709,"HARDLY ANY","CONSERVATIVE"
2710,"HARDLY ANY","CONSERVATIVE"
2711,"ONLY SOME","MODERATE"
2712,"HARDLY ANY","LIBERAL"
2713,"A GREAT DEAL","SLGHTLY CONSERVATIVE"
2714,NA,"SLIGHTLY LIBERAL"
2715,"HARDLY ANY","EXTRMLY CONSERVATIVE"
2716,"HARDLY ANY","MODERATE"
2717,NA,"MODERATE"
2718,"ONLY SOME","MODERATE"
2719,"ONLY SOME","CONSERVATIVE"
2720,NA,"MODERATE"
2721,"ONLY SOME","MODERATE"
2722,"HARDLY ANY","MODERATE"
2723,"ONLY SOME","SLGHTLY CONSERVATIVE"
2724,NA,"EXTREMELY LIBERAL"
2725,"HARDLY ANY","EXTRMLY CONSERVATIVE"
2726,"HARDLY ANY","CONSERVATIVE"
2727,"HARDLY ANY","CONSERVATIVE"
2728,NA,"MODERATE"
2729,"HARDLY ANY","SLGHTLY CONSERVATIVE"
2730,"HARDLY ANY","SLGHTLY CONSERVATIVE"
2731,NA,"CONSERVATIVE"
2732,"HARDLY ANY","LIBERAL"
2733,NA,"MODERATE"
2734,"HARDLY ANY","MODERATE"
2735,"HARDLY ANY","MODERATE"
2736,NA,"MODERATE"
2737,"HARDLY ANY","EXTRMLY CONSERVATIVE"
2738,"HARDLY ANY","MODERATE"
2739,"ONLY SOME","LIBERAL"
2740,NA,"EXTREMELY LIBERAL"
2741,"HARDLY ANY","MODERATE"
2742,"HARDLY ANY","MODERATE"
2743,"HARDLY ANY","MODERATE"
2744,NA,"SLIGHTLY LIBERAL"
2745,"ONLY SOME","SLGHTLY CONSERVATIVE"
2746,"HARDLY ANY","SLGHTLY CONSERVATIVE"
2747,"HARDLY ANY","CONSERVATIVE"
2748,NA,"SLGHTLY CONSERVATIVE"
2749,NA,"CONSERVATIVE"
2750,"ONLY SOME","SLIGHTLY LIBERAL"
2751,"HARDLY ANY","CONSERVATIVE"
2752,NA,"DK"
2753,"ONLY SOME","MODERATE"
2754,"ONLY SOME","CONSERVATIVE"
2755,"HARDLY ANY","MODERATE"
2756,NA,"MODERATE"
2757,NA,"MODERATE"
2758,"HARDLY ANY","SLIGHTLY LIBERAL"
2759,"ONLY SOME","MODERATE"
2760,"HARDLY ANY","CONSERVATIVE"
2761,NA,"MODERATE"
2762,"ONLY SOME","MODERATE"
2763,"HARDLY ANY","MODERATE"
2764,NA,"MODERATE"
2765,NA,"MODERATE"
2766,"ONLY SOME","SLGHTLY CONSERVATIVE"
2767,NA,"MODERATE"
2768,"HARDLY ANY","MODERATE"
2769,"HARDLY ANY","LIBERAL"
2770,"ONLY SOME","MODERATE"
2771,"ONLY SOME","CONSERVATIVE"
2772,NA,"EXTREMELY LIBERAL"
2773,"A GREAT DEAL","LIBERAL"
2774,"A GREAT DEAL","EXTREMELY LIBERAL"
2775,"ONLY SOME","SLGHTLY CONSERVATIVE"
2776,"HARDLY ANY","CONSERVATIVE"
2777,NA,"MODERATE"
2778,"ONLY SOME","MODERATE"
2779,"ONLY SOME","MODERATE"
2780,"ONLY SOME","MODERATE"
2781,"A GREAT DEAL","LIBERAL"
2782,NA,"SLGHTLY CONSERVATIVE"
2783,"HARDLY ANY","MODERATE"
2784,"ONLY SOME","MODERATE"
2785,NA,"EXTREMELY LIBERAL"
2786,"HARDLY ANY","SLIGHTLY LIBERAL"
2787,NA,"MODERATE"
2788,"A GREAT DEAL","EXTRMLY CONSERVATIVE"
2789,NA,"MODERATE"
2790,"HARDLY ANY","EXTRMLY CONSERVATIVE"
2791,"HARDLY ANY","DK"
2792,"DK","EXTRMLY CONSERVATIVE"
2793,NA,"SLGHTLY CONSERVATIVE"
2794,"HARDLY ANY","CONSERVATIVE"
2795,NA,"MODERATE"
2796,NA,"EXTRMLY CONSERVATIVE"
2797,"ONLY SOME","MODERATE"
2798,"HARDLY ANY","LIBERAL"
2799,NA,"CONSERVATIVE"
2800,NA,"CONSERVATIVE"
2801,"A GREAT DEAL","MODERATE"
2802,NA,"MODERATE"
2803,"A GREAT DEAL","MODERATE"
2804,"ONLY SOME","SLGHTLY CONSERVATIVE"
2805,"HARDLY ANY","SLGHTLY CONSERVATIVE"
2806,"A GREAT DEAL","MODERATE"
2807,NA,"MODERATE"
2808,"HARDLY ANY","EXTRMLY CONSERVATIVE"
2809,"ONLY SOME","SLGHTLY CONSERVATIVE"
2810,"HARDLY ANY","MODERATE"
2811,"A GREAT DEAL","MODERATE"
2812,NA,"CONSERVATIVE"
2813,"HARDLY ANY","SLIGHTLY LIBERAL"
2814,"HARDLY ANY","LIBERAL"
2815,"ONLY SOME","MODERATE"
2816,"HARDLY ANY","CONSERVATIVE"
2817,"HARDLY ANY","MODERATE"
2818,NA,"MODERATE"
2819,"HARDLY ANY","CONSERVATIVE"
2820,"ONLY SOME","MODERATE"
2821,"A GREAT DEAL","CONSERVATIVE"
2822,"ONLY SOME","EXTRMLY CONSERVATIVE"
2823,NA,"CONSERVATIVE"
2824,"HARDLY ANY","MODERATE"
2825,NA,"MODERATE"
2826,NA,"MODERATE"
2827,"HARDLY ANY","MODERATE"
2828,NA,"EXTRMLY CONSERVATIVE"
2829,"HARDLY ANY","MODERATE"
2830,"ONLY SOME","SLGHTLY CONSERVATIVE"
2831,"ONLY SOME","LIBERAL"
2832,NA,"CONSERVATIVE"
2833,"HARDLY ANY","MODERATE"
2834,"HARDLY ANY","MODERATE"
2835,NA,"MODERATE"
2836,"HARDLY ANY","MODERATE"
2837,NA,"EXTREMELY LIBERAL"
2838,"HARDLY ANY","SLIGHTLY LIBERAL"
2839,"HARDLY ANY","MODERATE"
2840,"ONLY SOME","LIBERAL"
2841,"A GREAT DEAL","LIBERAL"
2842,"ONLY SOME","SLIGHTLY LIBERAL"
2843,"HARDLY ANY","MODERATE"
2844,"HARDLY ANY","SLGHTLY CONSERVATIVE"
2845,NA,"LIBERAL"
2846,"ONLY SOME","CONSERVATIVE"
2847,"A GREAT DEAL","CONSERVATIVE"
2848,NA,"SLGHTLY CONSERVATIVE"
2849,"A GREAT DEAL","EXTREMELY LIBERAL"
2850,"ONLY SOME","MODERATE"
2851,NA,"MODERATE"
2852,"HARDLY ANY","MODERATE"
2853,"ONLY SOME","MODERATE"
2854,NA,"MODERATE"
2855,"ONLY SOME","MODERATE"
2856,"HARDLY ANY","LIBERAL"
2857,NA,"EXTREMELY LIBERAL"
2858,"HARDLY ANY","MODERATE"
2859,"ONLY SOME","SLGHTLY CONSERVATIVE"
2860,"ONLY SOME","SLGHTLY CONSERVATIVE"
2861,NA,"MODERATE"
2862,"HARDLY ANY","CONSERVATIVE"
2863,"HARDLY ANY","EXTREMELY LIBERAL"
2864,NA,"CONSERVATIVE"
2865,"ONLY SOME","MODERATE"
2866,NA,"SLGHTLY CONSERVATIVE"
2867,"HARDLY ANY","SLGHTLY CONSERVATIVE"
